delivery_id,pred_service_min,pred_late_prob
ORD0092308,9.9352,0.0016
ORD0092309,9.3969,0.0062
ORD0092310,12.3335,0.0039
ORD0092311,15.2077,0.0622
ORD0092312,16.0678,0.0744
ORD0092313,17.7532,0.2104
ORD0092314,18.0195,0.006
ORD0092315,29.9429,0.5989
ORD0092316,22.9916,0.015
ORD0092317,14.9751,0.0029
ORD0092318,10.9214,0.0017
ORD0092319,11.1324,0.0174
ORD0092320,18.0271,0.0076
ORD0092321,12.9456,0.0029
ORD0092322,21.9581,0.8641
ORD0092323,13.8453,0.0453
ORD0092324,14.5465,0.3918
ORD0092325,10.4166,0.0873
ORD0092326,18.3066,0.0215
ORD0092327,18.6281,0.7603
ORD0092328,19.3692,0.5079
ORD0092329,14.1007,0.2738
ORD0092330,11.2529,0.0056
ORD0092331,13.4761,0.696
ORD0092332,26.3073,0.0019
ORD0092333,14.9422,0.0023
ORD0092334,10.8385,0.0284
ORD0092335,13.3714,0.0798
ORD0092336,11.9715,0.0173
ORD0092337,18.0505,0.1882
ORD0092338,17.0674,0.052
ORD0092339,15.895,0.5876
ORD0092340,15.7559,0.1919
ORD0092341,25.7834,0.0057
ORD0092342,12.8948,0.818
ORD0092343,12.7732,0.3859
ORD0092344,13.476,0.1246
ORD0092345,29.4104,0.1569
ORD0092346,18.4189,0.0243
ORD0092347,15.1771,0.0086
ORD0092348,22.1353,0.3378
ORD0092349,16.9283,0.0294
ORD0092350,18.3344,0.03
ORD0092351,17.1558,0.004
ORD0092352,14.2928,0.7704
ORD0092353,11.1037,0.1098
ORD0092354,19.8896,0.9598
ORD0092355,13.6378,0.2388
ORD0092356,11.0262,0.0503
ORD0092357,32.2412,0.0013
ORD0092358,24.7159,0.0036
ORD0092359,11.3451,0.1032
ORD0092360,14.4239,0.0775
ORD0092361,14.4589,0.2121
ORD0092362,12.4867,0.0799
ORD0092363,25.6619,0.0312
ORD0092364,17.4062,0.4359
ORD0092365,13.394,0.1227
ORD0092366,19.3344,0.0429
ORD0092367,20.8456,0.0207
ORD0092368,16.6661,0.0948
ORD0092369,21.1818,0.0035
ORD0092370,18.341,0.0552
ORD0092371,21.4027,0.0481
ORD0092372,13.411,0.0888
ORD0092373,15.3387,0.0394
ORD0092374,11.3744,0.0498
ORD0092375,12.0042,0.1656
ORD0092376,10.7658,0.1036
ORD0092377,10.7643,0.0915
ORD0092378,17.0975,0.0519
ORD0092379,13.2368,0.0311
ORD0092380,10.1296,0.0062
ORD0092381,11.4348,0.0036
ORD0092382,10.8935,0.1952
ORD0092383,9.6303,0.0093
ORD0092384,7.8207,0.1979
ORD0092385,7.1057,0.028
ORD0092386,11.2962,0.3873
ORD0092387,10.7962,0.0665
ORD0092388,12.578,0.7158
ORD0092389,9.3601,0.2083
ORD0092390,9.7713,0.0052
ORD0092391,10.4664,0.002
ORD0092392,10.8914,0.0013
ORD0092393,9.3805,0.0155
ORD0092394,9.2881,0.0042
ORD0092395,9.6106,0.0026
ORD0092396,8.3295,0.0023
ORD0092397,9.9845,0.0551
ORD0092398,10.3297,0.1524
ORD0092399,10.7582,0.3218
ORD0092400,9.5748,0.0112
ORD0092401,12.0839,0.9533
ORD0092402,13.9242,0.0039
ORD0092403,19.1969,0.0028
ORD0092404,25.8136,0.0296
ORD0092405,9.9823,0.0064
ORD0092406,12.5138,0.0692
ORD0092407,13.8578,0.0318
ORD0092408,11.6064,0.3108
ORD0092409,19.1811,0.0131
ORD0092410,18.6798,0.029
ORD0092411,15.222,0.018
ORD0092412,18.2892,0.0776
ORD0092413,17.4931,0.1122
ORD0092414,12.2272,0.0015
ORD0092415,11.5859,0.0027
ORD0092416,17.2878,0.2692
ORD0092417,14.872,0.0049
ORD0092418,14.3357,0.0094
ORD0092419,79.2344,0.001
ORD0092420,31.9544,0.0014
ORD0092421,19.7553,0.2223
ORD0092422,10.0371,0.1002
ORD0092423,7.8796,0.0996
ORD0092424,12.6392,0.4401
ORD0092425,20.1189,0.6823
ORD0092426,12.5744,0.1045
ORD0092427,12.8789,0.214
ORD0092428,11.9898,0.262
ORD0092429,12.4214,0.5934
ORD0092430,10.8489,0.4115
ORD0092431,11.7425,0.6606
ORD0092432,18.0991,0.1047
ORD0092433,14.1235,0.1934
ORD0092434,15.4747,0.7809
ORD0092435,37.2799,0.1568
ORD0092436,15.7234,0.025
ORD0092437,14.556,0.2739
ORD0092438,14.9864,0.0961
ORD0092439,31.7621,0.3774
ORD0092440,26.1148,0.6616
ORD0092441,21.2072,0.7824
ORD0092442,23.645,0.9199
ORD0092443,9.7822,0.0015
ORD0092444,11.0537,0.0942
ORD0092445,9.4479,0.0036
ORD0092446,11.2273,0.1533
ORD0092447,12.7749,0.0025
ORD0092448,16.3655,0.0157
ORD0092449,14.6548,0.0445
ORD0092450,19.7991,0.0922
ORD0092451,16.896,0.0065
ORD0092452,28.5219,0.3927
ORD0092453,13.3139,0.0021
ORD0092454,10.3201,0.0149
ORD0092455,9.7034,0.0062
ORD0092456,9.7811,0.0022
ORD0092457,18.0656,0.0036
ORD0092458,12.7174,0.0007
ORD0092459,22.306,0.7182
ORD0092460,15.6186,0.378
ORD0092461,15.0889,0.9106
ORD0092462,14.9126,0.5416
ORD0092463,13.0337,0.0097
ORD0092464,14.8307,0.0704
ORD0092465,65.0924,0.0043
ORD0092466,65.1631,0.0025
ORD0092467,13.2584,0.0022
ORD0092468,12.0504,0.2757
ORD0092469,12.7809,0.0121
ORD0092470,14.1385,0.7849
ORD0092471,18.0045,0.0015
ORD0092472,17.5088,0.0017
ORD0092473,9.1167,0.0706
ORD0092474,9.9107,0.022
ORD0092475,13.3839,0.2007
ORD0092476,13.2704,0.0721
ORD0092477,21.7617,0.6894
ORD0092478,18.0269,0.2683
ORD0092479,15.4615,0.8673
ORD0092480,14.2795,0.6667
ORD0092481,25.7969,0.0097
ORD0092482,20.8866,0.0084
ORD0092483,13.2188,0.9513
ORD0092484,13.1015,0.0028
ORD0092485,14.6711,0.0043
ORD0092486,22.8519,0.0447
ORD0092487,19.0145,0.0312
ORD0092488,11.7405,0.0027
ORD0092489,12.1201,0.0022
ORD0092490,21.5987,0.056
ORD0092491,21.9034,0.0895
ORD0092492,20.3381,0.0074
ORD0092493,17.1398,0.0061
ORD0092494,12.0113,0.4276
ORD0092495,9.9201,0.2013
ORD0092496,17.3352,0.7002
ORD0092497,18.6673,0.6296
ORD0092498,9.1611,0.0113
ORD0092499,9.6108,0.0207
ORD0092500,14.1903,0.1992
ORD0092501,14.8165,0.3783
ORD0092502,14.8283,0.3673
ORD0092503,15.1066,0.6539
ORD0092504,26.689,0.0404
ORD0092505,20.6147,0.1558
ORD0092506,15.9082,0.5798
ORD0092507,17.2405,0.0927
ORD0092508,18.2913,0.1427
ORD0092509,17.6208,0.2631
ORD0092510,19.8641,0.0368
ORD0092511,19.153,0.0227
ORD0092512,13.4491,0.0644
ORD0092513,15.7084,0.0444
ORD0092514,17.042,0.0294
ORD0092515,11.065,0.0182
ORD0092516,12.5126,0.13
ORD0092517,10.0777,0.0729
ORD0092518,10.3405,0.0922
ORD0092519,13.6516,0.2469
ORD0092520,15.4894,0.0414
ORD0092521,13.986,0.0816
ORD0092522,11.7968,0.0158
ORD0092523,14.3803,0.0593
ORD0092524,11.2266,0.2029
ORD0092525,14.2938,0.5597
ORD0092526,10.0606,0.0316
ORD0092527,10.6482,0.1966
ORD0092528,7.7356,0.0647
ORD0092529,9.335,0.0464
ORD0092530,10.3719,0.1541
ORD0092531,9.5377,0.2862
ORD0092532,9.2281,0.0915
ORD0092533,10.0126,0.0304
ORD0092534,10.811,0.0014
ORD0092535,11.9377,0.099
ORD0092536,10.2189,0.0014
ORD0092537,9.0716,0.0031
ORD0092538,9.4854,0.0006
ORD0092539,10.0965,0.1993
ORD0092540,9.1828,0.002
ORD0092541,11.4054,0.5528
ORD0092542,9.4068,0.003
ORD0092543,11.6976,0.8033
ORD0092544,8.8059,0.0086
ORD0092545,8.2813,0.0012
ORD0092546,15.1258,0.003
ORD0092547,12.3537,0.0032
ORD0092548,15.6621,0.0036
ORD0092549,24.264,0.0021
ORD0092550,9.722,0.0049
ORD0092551,10.6513,0.0071
ORD0092552,11.9941,0.017
ORD0092553,19.0721,0.0083
ORD0092554,18.2293,0.0694
ORD0092555,21.8916,0.0066
ORD0092556,18.2985,0.1314
ORD0092557,15.8852,0.0138
ORD0092558,13.1895,0.0015
ORD0092559,10.5198,0.0014
ORD0092560,15.6822,0.4775
ORD0092561,21.6297,0.0275
ORD0092562,15.137,0.0068
ORD0092563,18.3771,0.4005
ORD0092564,12.9676,0.3037
ORD0092565,11.0235,0.1288
ORD0092566,8.647,0.1514
ORD0092567,12.8804,0.6179
ORD0092568,9.5569,0.6076
ORD0092569,26.6273,0.8705
ORD0092570,19.3273,0.7858
ORD0092571,13.6417,0.2258
ORD0092572,11.5256,0.2142
ORD0092573,10.5589,0.1733
ORD0092574,10.7909,0.334
ORD0092575,19.7363,0.2284
ORD0092576,17.2706,0.2059
ORD0092577,14.7613,0.3962
ORD0092578,12.084,0.3787
ORD0092579,16.4353,0.0062
ORD0092580,11.8917,0.0062
ORD0092581,15.6575,0.0561
ORD0092582,38.47,0.1405
ORD0092583,17.9207,0.4506
ORD0092584,9.9719,0.002
ORD0092585,10.0349,0.0037
ORD0092586,9.7501,0.0145
ORD0092587,12.7295,0.0068
ORD0092588,11.3188,0.0315
ORD0092589,14.4876,0.001
ORD0092590,13.5597,0.0311
ORD0092591,13.7253,0.0206
ORD0092592,14.3828,0.0014
ORD0092593,20.8154,0.0562
ORD0092594,27.8936,0.3092
ORD0092595,24.1451,0.1053
ORD0092596,14.6218,0.002
ORD0092597,11.0926,0.0007
ORD0092598,14.7659,0.0032
ORD0092599,19.9986,0.6121
ORD0092600,11.7868,0.1809
ORD0092601,14.5772,0.8636
ORD0092602,11.3351,0.7354
ORD0092603,14.6031,0.0092
ORD0092604,15.6603,0.0008
ORD0092605,13.292,0.0017
ORD0092606,18.1436,0.9668
ORD0092607,11.919,0.0045
ORD0092608,11.2207,0.0012
ORD0092609,14.0533,0.0164
ORD0092610,20.9028,0.0016
ORD0092611,9.4356,0.0063
ORD0092612,9.6904,0.0015
ORD0092613,14.4408,0.0201
ORD0092614,20.626,0.0577
ORD0092615,16.3489,0.3186
ORD0092616,14.9279,0.0069
ORD0092617,26.1751,0.004
ORD0092618,21.7481,0.0006
ORD0092619,12.8281,0.6007
ORD0092620,12.6244,0.0101
ORD0092621,13.8769,0.0028
ORD0092622,60.1705,0.0041
ORD0092623,36.4501,0.2742
ORD0092624,30.5858,0.0007
ORD0092625,18.4551,0.0189
ORD0092626,18.1704,0.0164
ORD0092627,14.5724,0.0017
ORD0092628,13.493,0.0088
ORD0092629,20.9431,0.0658
ORD0092630,18.7445,0.0595
ORD0092631,16.1344,0.0027
ORD0092632,12.8601,0.2739
ORD0092633,14.5739,0.6492
ORD0092634,10.8599,0.0109
ORD0092635,54.4123,0.001
ORD0092636,11.2036,0.1762
ORD0092637,14.0737,0.1407
ORD0092638,14.5883,0.311
ORD0092639,13.0426,0.1624
ORD0092640,34.0786,0.0281
ORD0092641,19.8031,0.0317
ORD0092642,15.9877,0.6291
ORD0092643,16.6694,0.4263
ORD0092644,21.0297,0.0877
ORD0092645,21.1672,0.0487
ORD0092646,19.8862,0.1713
ORD0092647,13.2878,0.1028
ORD0092648,20.8588,0.036
ORD0092649,11.3823,0.0574
ORD0092650,16.093,0.0172
ORD0092651,12.6673,0.0988
ORD0092652,11.0928,0.0514
ORD0092653,18.1495,0.4063
ORD0092654,14.0249,0.0377
ORD0092655,13.7333,0.0162
ORD0092656,9.7424,0.1074
ORD0092657,8.9219,0.0319
ORD0092658,10.3276,0.2192
ORD0092659,8.5501,0.0897
ORD0092660,7.3153,0.0903
ORD0092661,9.8031,0.0713
ORD0092662,11.3173,0.3055
ORD0092663,10.5784,0.55
ORD0092664,9.1081,0.132
ORD0092665,9.9544,0.004
ORD0092666,9.3251,0.0018
ORD0092667,11.0261,0.0012
ORD0092668,9.1549,0.0082
ORD0092669,9.0128,0.0018
ORD0092670,8.9555,0.0273
ORD0092671,9.4179,0.0021
ORD0092672,9.5608,0.096
ORD0092673,9.976,0.0031
ORD0092674,9.9788,0.1722
ORD0092675,9.4849,0.0048
ORD0092676,8.2232,0.0021
ORD0092677,9.1311,0.0007
ORD0092678,14.5536,0.0033
ORD0092679,11.1761,0.0025
ORD0092680,16.6119,0.0035
ORD0092681,24.5964,0.0026
ORD0092682,10.1561,0.007
ORD0092683,15.4274,0.0426
ORD0092684,8.4181,0.0064
ORD0092685,36.0246,0.0007
ORD0092686,47.1146,0.0011
ORD0092687,18.4815,0.0331
ORD0092688,20.0456,0.1487
ORD0092689,15.927,0.1474
ORD0092690,20.9352,0.6043
ORD0092691,13.1826,0.0027
ORD0092692,11.8236,0.0091
ORD0092693,19.0553,0.9322
ORD0092694,19.819,0.5476
ORD0092695,15.0018,0.0148
ORD0092696,14.0296,0.06
ORD0092697,16.9196,0.4712
ORD0092698,12.2045,0.1184
ORD0092699,9.2791,0.1573
ORD0092700,8.3525,0.0689
ORD0092701,14.1398,0.7404
ORD0092702,10.3311,0.2084
ORD0092703,22.0722,0.9599
ORD0092704,18.0681,0.4825
ORD0092705,15.3565,0.2985
ORD0092706,12.4203,0.2641
ORD0092707,11.6649,0.1989
ORD0092708,11.3571,0.4247
ORD0092709,10.6034,0.3084
ORD0092710,19.8224,0.2149
ORD0092711,13.3272,0.221
ORD0092712,15.8092,0.3928
ORD0092713,12.3609,0.3357
ORD0092714,14.9616,0.0425
ORD0092715,13.4522,0.1541
ORD0092716,15.3122,0.2346
ORD0092717,20.0577,0.675
ORD0092718,40.721,0.742
ORD0092719,21.6351,0.8876
ORD0092720,24.0562,0.8886
ORD0092721,24.9098,0.0015
ORD0092722,10.4303,0.0145
ORD0092723,10.1715,0.0014
ORD0092724,11.236,0.22
ORD0092725,9.5451,0.0021
ORD0092726,13.0925,0.1913
ORD0092727,10.5865,0.0016
ORD0092728,15.0665,0.0044
ORD0092729,13.0984,0.0694
ORD0092730,17.5151,0.0135
ORD0092731,17.3233,0.018
ORD0092732,17.3994,0.0439
ORD0092733,24.0398,0.4813
ORD0092734,22.9651,0.1705
ORD0092735,11.0746,0.0017
ORD0092736,10.9214,0.0017
ORD0092737,12.6934,0.0033
ORD0092738,11.888,0.0753
ORD0092739,14.5392,0.0027
ORD0092740,14.3151,0.0029
ORD0092741,17.0118,0.5342
ORD0092742,17.2662,0.7278
ORD0092743,14.7028,0.8059
ORD0092744,18.8371,0.0045
ORD0092745,13.7499,0.0065
ORD0092746,15.8778,0.0132
ORD0092747,22.071,0.9886
ORD0092748,51.456,0.0068
ORD0092749,55.2498,0.8414
ORD0092750,63.9126,0.0099
ORD0092751,63.139,0.0107
ORD0092752,31.4099,0.0009
ORD0092753,51.2298,0.0017
ORD0092754,11.9227,0.0039
ORD0092755,11.7174,0.0236
ORD0092756,12.4076,0.0123
ORD0092757,11.5664,0.1058
ORD0092758,30.0282,0.002
ORD0092759,16.8853,0.0024
ORD0092760,10.5124,0.0122
ORD0092761,15.1935,0.0699
ORD0092762,21.2637,0.1748
ORD0092763,19.3662,0.3409
ORD0092764,15.7489,0.6713
ORD0092765,23.0336,0.0093
ORD0092766,14.3917,0.0161
ORD0092767,14.2623,0.8051
ORD0092768,14.083,0.0018
ORD0092769,15.6757,0.0136
ORD0092770,27.4996,0.1078
ORD0092771,16.3059,0.0049
ORD0092772,13.1636,0.0182
ORD0092773,24.7767,0.2263
ORD0092774,21.8997,0.3507
ORD0092775,18.2835,0.0267
ORD0092776,16.0583,0.0454
ORD0092777,15.6051,0.6347
ORD0092778,20.8401,0.8781
ORD0092779,18.2334,0.812
ORD0092780,11.1554,0.0637
ORD0092781,9.4764,0.1856
ORD0092782,13.5665,0.1731
ORD0092783,14.7112,0.0704
ORD0092784,14.189,0.2908
ORD0092785,13.2172,0.0742
ORD0092786,28.3178,0.0258
ORD0092787,22.5154,0.0095
ORD0092788,17.668,0.5231
ORD0092789,14.0367,0.1725
ORD0092790,19.3984,0.0806
ORD0092791,16.9154,0.0354
ORD0092792,19.2229,0.1348
ORD0092793,14.7341,0.0554
ORD0092794,24.5341,0.1999
ORD0092795,18.3345,0.0967
ORD0092796,12.216,0.3275
ORD0092797,14.6679,0.1465
ORD0092798,17.8924,0.1162
ORD0092799,13.568,0.0605
ORD0092800,13.9208,0.702
ORD0092801,12.4045,0.2336
ORD0092802,11.1605,0.1767
ORD0092803,11.5238,0.1131
ORD0092804,16.3692,0.0917
ORD0092805,17.4483,0.0567
ORD0092806,12.9638,0.0693
ORD0092807,16.2195,0.0201
ORD0092808,8.3397,0.0342
ORD0092809,14.1976,0.4187
ORD0092810,7.3836,0.029
ORD0092811,8.1467,0.2426
ORD0092812,10.8365,0.0685
ORD0092813,11.0272,0.5551
ORD0092814,8.9067,0.1667
ORD0092815,9.5375,0.0034
ORD0092816,9.1853,0.0022
ORD0092817,10.6807,0.0009
ORD0092818,10.6807,0.0008
ORD0092819,9.3105,0.0064
ORD0092820,9.8584,0.0031
ORD0092821,8.7334,0.0018
ORD0092822,8.7911,0.0017
ORD0092823,9.889,0.03
ORD0092824,9.3615,0.0066
ORD0092825,9.4081,0.117
ORD0092826,9.0242,0.033
ORD0092827,9.9139,0.1907
ORD0092828,8.9339,0.0513
ORD0092829,8.3198,0.0019
ORD0092830,13.7569,0.0025
ORD0092831,14.909,0.0022
ORD0092832,23.0501,0.0016
ORD0092833,10.7564,0.0038
ORD0092834,12.7433,0.0101
ORD0092835,11.0151,0.004
ORD0092836,27.1936,0.0013
ORD0092837,60.9596,0.0055
ORD0092838,58.1775,0.0106
ORD0092839,31.154,0.0034
ORD0092840,54.9382,0.0009
ORD0092841,33.7401,0.001
ORD0092842,18.9191,0.0106
ORD0092843,15.0561,0.0038
ORD0092844,16.9567,0.0481
ORD0092845,18.645,0.0084
ORD0092846,17.7915,0.1893
ORD0092847,12.5139,0.0019
ORD0092848,16.5112,0.6299
ORD0092849,18.4233,0.0351
ORD0092850,14.5286,0.0067
ORD0092851,21.3245,0.3884
ORD0092852,8.647,0.1136
ORD0092853,14.2678,0.6613
ORD0092854,10.4011,0.0222
ORD0092855,23.9768,0.863
ORD0092856,13.4754,0.1044
ORD0092857,14.5549,0.2206
ORD0092858,10.4457,0.0174
ORD0092859,12.7175,0.3842
ORD0092860,13.6659,0.2056
ORD0092861,12.517,0.5647
ORD0092862,12.5559,0.7552
ORD0092863,18.7922,0.1035
ORD0092864,14.0275,0.2204
ORD0092865,11.2565,0.3853
ORD0092866,12.8611,0.0071
ORD0092867,13.9148,0.0432
ORD0092868,17.2441,0.0178
ORD0092869,37.8348,0.1173
ORD0092870,39.0707,0.0787
ORD0092871,17.6621,0.2522
ORD0092872,18.3217,0.1927
ORD0092873,11.9227,0.3182
ORD0092874,10.7933,0.0019
ORD0092875,14.6515,0.9336
ORD0092876,9.3969,0.0061
ORD0092877,15.1634,0.9556
ORD0092878,11.6294,0.0034
ORD0092879,13.4045,0.0146
ORD0092880,14.1596,0.1273
ORD0092881,19.396,0.1878
ORD0092882,14.8825,0.0154
ORD0092883,24.2939,0.4582
ORD0092884,30.618,0.8743
ORD0092885,23.6947,0.5098
ORD0092886,17.6653,0.0094
ORD0092887,14.3562,0.0025
ORD0092888,11.3124,0.0061
ORD0092889,12.37,0.0817
ORD0092890,13.5775,0.0031
ORD0092891,15.248,0.1066
ORD0092892,17.8654,0.9696
ORD0092893,20.4453,0.0867
ORD0092894,15.8604,0.0061
ORD0092895,19.2387,0.3019
ORD0092896,53.5834,0.0034
ORD0092897,39.6225,0.0024
ORD0092898,13.2051,0.0031
ORD0092899,12.1348,0.0155
ORD0092900,17.8108,0.0102
ORD0092901,29.492,0.0016
ORD0092902,10.0152,0.0548
ORD0092903,10.1412,0.0324
ORD0092904,14.2065,0.2393
ORD0092905,14.1942,0.135
ORD0092906,21.8733,0.6809
ORD0092907,22.6377,0.4856
ORD0092908,17.702,0.045
ORD0092909,28.2297,0.0122
ORD0092910,31.3039,0.0045
ORD0092911,13.6908,0.8878
ORD0092912,18.8222,0.0054
ORD0092913,16.3896,0.0022
ORD0092914,35.7653,0.0898
ORD0092915,15.9981,0.0054
ORD0092916,19.6856,0.2272
ORD0092917,18.8201,0.0245
ORD0092918,17.1241,0.0067
ORD0092919,17.1198,0.6331
ORD0092920,10.5266,0.0542
ORD0092921,19.2393,0.8534
ORD0092922,12.0898,0.0454
ORD0092923,11.7841,0.0344
ORD0092924,11.0541,0.1972
ORD0092925,17.8428,0.3787
ORD0092926,28.432,0.0525
ORD0092927,20.382,0.7065
ORD0092928,15.0972,0.0474
ORD0092929,19.9897,0.0979
ORD0092930,20.1108,0.0524
ORD0092931,17.2169,0.1754
ORD0092932,57.5938,0.1365
ORD0092933,53.9168,0.0062
ORD0092934,21.9702,0.0339
ORD0092935,15.9041,0.0636
ORD0092936,14.2024,0.0054
ORD0092937,19.0364,0.0228
ORD0092938,14.1254,0.0902
ORD0092939,13.6968,0.0059
ORD0092940,48.2657,0.0196
ORD0092941,11.9124,0.0158
ORD0092942,11.9938,0.1428
ORD0092943,26.5101,0.0066
ORD0092944,20.4304,0.0767
ORD0092945,13.8903,0.033
ORD0092946,11.8581,0.0196
ORD0092947,12.6648,0.0483
ORD0092948,10.1079,0.0893
ORD0092949,26.1015,0.0094
ORD0092950,56.2271,0.0093
ORD0092951,7.6768,0.0867
ORD0092952,11.8136,0.2941
ORD0092953,13.7941,0.1025
ORD0092954,10.1157,0.4823
ORD0092955,10.1193,0.0006
ORD0092956,9.6349,0.002
ORD0092957,10.7921,0.0015
ORD0092958,10.8462,0.0009
ORD0092959,12.5997,0.0012
ORD0092960,8.7666,0.0005
ORD0092961,9.7744,0.0013
ORD0092962,9.1646,0.0029
ORD0092963,10.0251,0.0022
ORD0092964,8.8765,0.0052
ORD0092965,9.581,0.0053
ORD0092966,8.3295,0.003
ORD0092967,8.7911,0.0017
ORD0092968,17.5148,0.0039
ORD0092969,17.4025,0.5112
ORD0092970,24.9274,0.0017
ORD0092971,25.7286,0.1799
ORD0092972,10.6359,0.003
ORD0092973,12.7908,0.8823
ORD0092974,15.6027,0.0082
ORD0092975,18.9191,0.0194
ORD0092976,15.9826,0.176
ORD0092977,16.3223,0.0568
ORD0092978,20.0129,0.2387
ORD0092979,15.5246,0.7347
ORD0092980,13.1857,0.0019
ORD0092981,20.2592,0.8209
ORD0092982,16.0919,0.0107
ORD0092983,15.3144,0.0918
ORD0092984,24.6847,0.6007
ORD0092985,12.9908,0.6084
ORD0092986,13.5151,0.1337
ORD0092987,14.1117,0.8405
ORD0092988,26.8317,0.9711
ORD0092989,21.4065,0.9218
ORD0092990,12.1121,0.3294
ORD0092991,11.6511,0.0896
ORD0092992,12.6687,0.2392
ORD0092993,10.8443,0.4534
ORD0092994,23.2402,0.2859
ORD0092995,15.5422,0.2101
ORD0092996,16.2518,0.3661
ORD0092997,17.6818,0.0434
ORD0092998,11.4294,0.0144
ORD0092999,18.1808,0.1506
ORD0093000,17.3181,0.0592
ORD0093001,39.2045,0.5445
ORD0093002,33.1354,0.2064
ORD0093003,25.3634,0.8444
ORD0093004,25.304,0.6537
ORD0093005,9.7759,0.0016
ORD0093006,9.8532,0.0045
ORD0093007,11.2155,0.0025
ORD0093008,12.5968,0.0029
ORD0093009,9.7759,0.0022
ORD0093010,14.9011,0.0668
ORD0093011,11.1782,0.0022
ORD0093012,17.1865,0.0045
ORD0093013,14.8696,0.0066
ORD0093014,21.438,0.0072
ORD0093015,16.7023,0.0631
ORD0093016,27.3414,0.0194
ORD0093017,20.843,0.1852
ORD0093018,14.0892,0.0013
ORD0093019,12.5965,0.0382
ORD0093021,13.5777,0.0085
ORD0093023,18.8556,0.1034
ORD0093024,15.1497,0.4212
ORD0093025,9.4495,0.0099
ORD0093026,18.1644,0.0023
ORD0093027,16.5561,0.0027
ORD0093028,22.26,0.7967
ORD0093030,11.8703,0.0106
ORD0093031,14.2956,0.0071
ORD0093032,11.3802,0.0115
ORD0093033,20.0359,0.0028
ORD0093034,17.2926,0.0025
ORD0093035,9.7652,0.052
ORD0093036,13.9273,0.0641
ORD0093037,11.6636,0.0169
ORD0093038,13.491,0.1123
ORD0093039,20.6468,0.3743
ORD0093040,22.3349,0.8229
ORD0093041,19.2901,0.0162
ORD0093042,28.4417,0.0232
ORD0093043,35.0371,0.0053
ORD0093044,13.0348,0.9492
ORD0093045,16.0153,0.0535
ORD0093046,14.2856,0.0018
ORD0093047,14.76,0.0023
ORD0093048,93.9568,0.0007
ORD0093049,55.3258,0.0014
ORD0093050,23.4077,0.0597
ORD0093051,21.9143,0.0111
ORD0093052,17.3119,0.0049
ORD0093053,13.1528,0.0038
ORD0093054,26.8911,0.3373
ORD0093055,17.2001,0.0101
ORD0093056,15.722,0.672
ORD0093057,10.7473,0.0755
ORD0093058,18.1865,0.8858
ORD0093059,16.0214,0.1434
ORD0093060,10.5635,0.0756
ORD0093061,12.1979,0.0242
ORD0093062,12.1492,0.198
ORD0093063,16.4135,0.2957
ORD0093064,24.0458,0.0384
ORD0093065,22.6225,0.1792
ORD0093066,20.07,0.6259
ORD0093067,22.5663,0.0823
ORD0093068,21.9145,0.1555
ORD0093069,20.0144,0.4357
ORD0093070,25.4287,0.1941
ORD0093071,24.013,0.0574
ORD0093072,15.9457,0.3039
ORD0093073,16.7102,0.0768
ORD0093074,17.5413,0.1067
ORD0093075,11.9723,0.0355
ORD0093076,15.8604,0.6632
ORD0093077,11.7711,0.0095
ORD0093078,10.8255,0.0779
ORD0093079,18.3079,0.0064
ORD0093080,20.6186,0.0371
ORD0093081,13.1645,0.0243
ORD0093082,9.6407,0.0426
ORD0093083,10.0773,0.1509
ORD0093084,10.822,0.0733
ORD0093085,10.4826,0.2366
ORD0093086,27.979,0.0028
ORD0093087,9.4593,0.0321
ORD0093088,13.388,0.0663
ORD0093089,17.5065,0.134
ORD0093090,8.8775,0.2428
ORD0093091,9.6445,0.3429
ORD0093092,10.0122,0.0059
ORD0093093,9.909,0.0155
ORD0093094,10.897,0.0014
ORD0093095,10.897,0.0012
ORD0093096,11.7728,0.0267
ORD0093097,9.7648,0.057
ORD0093098,8.7729,0.0004
ORD0093099,8.164,0.0023
ORD0093100,10.8087,0.0875
ORD0093101,9.8665,0.3106
ORD0093102,10.488,0.1291
ORD0093103,12.5467,0.6694
ORD0093104,8.5094,0.0029
ORD0093105,9.2869,0.0057
ORD0093106,16.2808,0.0303
ORD0093107,24.1313,0.0095
ORD0093108,10.6194,0.1275
ORD0093109,11.9615,0.0007
ORD0093110,16.533,0.517
ORD0093111,9.7177,0.0007
ORD0093112,19.7836,0.0056
ORD0093113,18.1261,0.0056
ORD0093114,16.9417,0.0134
ORD0093115,17.7064,0.0415
ORD0093116,20.4003,0.0705
ORD0093117,17.9668,0.1708
ORD0093118,11.6836,0.0017
ORD0093119,10.8788,0.0014
ORD0093120,17.8257,0.3821
ORD0093121,20.5658,0.3794
ORD0093122,15.0363,0.0048
ORD0093123,16.7778,0.0053
ORD0093124,32.121,0.0009
ORD0093125,17.2494,0.2771
ORD0093126,12.4993,0.4522
ORD0093127,9.5469,0.1153
ORD0093128,8.9418,0.1457
ORD0093129,15.222,0.5645
ORD0093130,11.3297,0.6071
ORD0093131,25.7381,0.7992
ORD0093132,16.7637,0.1571
ORD0093133,15.9123,0.2118
ORD0093134,27.9103,0.0222
ORD0093135,14.6463,0.4003
ORD0093136,12.4714,0.3584
ORD0093137,11.4672,0.5201
ORD0093138,24.3668,0.1612
ORD0093139,17.3708,0.2259
ORD0093140,18.1726,0.2893
ORD0093141,15.7373,0.0335
ORD0093142,16.0226,0.1467
ORD0093143,16.3639,0.0009
ORD0093144,44.7073,0.6779
ORD0093145,34.5667,0.0039
ORD0093146,23.1439,0.8887
ORD0093147,9.7759,0.0015
ORD0093148,11.0198,0.0045
ORD0093149,12.5491,0.0025
ORD0093150,16.635,0.0137
ORD0093151,16.5636,0.0499
ORD0093152,22.5517,0.1896
ORD0093153,26.4533,0.0112
ORD0093154,25.3857,0.5626
ORD0093155,23.5611,0.4907
ORD0093156,13.7473,0.004
ORD0093157,11.5573,0.0028
ORD0093158,9.4902,0.0045
ORD0093159,13.7541,0.0027
ORD0093160,14.7209,0.0055
ORD0093161,20.1196,0.8858
ORD0093162,13.3934,0.0974
ORD0093163,13.5769,0.0656
ORD0093164,11.8594,0.3381
ORD0093165,18.7667,0.016
ORD0093166,16.313,0.1608
ORD0093167,23.3649,0.8495
ORD0093168,13.5524,0.325
ORD0093169,12.5645,0.0066
ORD0093170,15.3882,0.7609
ORD0093171,22.463,0.0016
ORD0093172,19.735,0.0031
ORD0093173,12.5116,0.0063
ORD0093174,13.207,0.0217
ORD0093175,13.7189,0.0277
ORD0093176,20.6045,0.1103
ORD0093177,15.7389,0.1548
ORD0093178,15.9732,0.3022
ORD0093179,17.5518,0.4687
ORD0093180,29.6897,0.0041
ORD0093181,13.2761,0.6098
ORD0093182,13.8228,0.8577
ORD0093183,14.4839,0.1181
ORD0093184,27.6783,0.0869
ORD0093185,18.1523,0.0236
ORD0093186,14.4803,0.0088
ORD0093187,26.0456,0.3278
ORD0093188,20.2515,0.1061
ORD0093189,19.7506,0.0307
ORD0093190,17.1746,0.0066
ORD0093191,15.469,0.7678
ORD0093192,11.252,0.2547
ORD0093193,20.6879,0.9609
ORD0093194,18.1506,0.665
ORD0093195,9.6873,0.1131
ORD0093196,27.0182,0.0023
ORD0093197,25.3701,0.0063
ORD0093198,13.0661,0.2153
ORD0093199,14.0973,0.1566
ORD0093200,16.4495,0.4931
ORD0093201,12.5307,0.1959
ORD0093202,27.8336,0.0439
ORD0093203,16.5304,0.7488
ORD0093204,19.2448,0.638
ORD0093205,19.621,0.0865
ORD0093206,19.1376,0.1496
ORD0093207,17.742,0.2343
ORD0093208,21.1681,0.0336
ORD0093209,19.6672,0.3527
ORD0093210,13.03,0.0721
ORD0093211,18.2549,0.0265
ORD0093212,12.5587,0.1854
ORD0093213,10.8565,0.1081
ORD0093214,14.5817,0.6205
ORD0093215,13.6346,0.0748
ORD0093216,21.1943,0.0492
ORD0093217,15.4273,0.1759
ORD0093218,10.3137,0.1304
ORD0093219,8.3337,0.1738
ORD0093220,11.9037,0.3244
ORD0093221,11.4317,0.3598
ORD0093222,10.1329,0.0313
ORD0093223,7.8077,0.0678
ORD0093224,14.1739,0.0611
ORD0093225,11.8789,0.1343
ORD0093226,9.2948,0.1429
ORD0093227,9.6179,0.3554
ORD0093228,9.2252,0.0013
ORD0093229,12.0227,0.2421
ORD0093230,11.0894,0.0027
ORD0093231,9.6038,0.0021
ORD0093232,10.1628,0.0021
ORD0093233,9.1077,0.0007
ORD0093234,8.4516,0.0014
ORD0093235,9.9105,0.0028
ORD0093236,9.1389,0.0071
ORD0093237,8.9929,0.0121
ORD0093238,8.7716,0.0022
ORD0093239,8.0089,0.0011
ORD0093240,11.8525,0.0029
ORD0093241,26.4284,0.0033
ORD0093242,20.8706,0.0112
ORD0093243,10.6623,0.006
ORD0093244,10.4581,0.0313
ORD0093245,11.5567,0.0145
ORD0093246,10.2194,0.1182
ORD0093247,18.9043,0.0136
ORD0093248,18.9647,0.0168
ORD0093249,19.2758,0.0666
ORD0093250,21.0979,0.1681
ORD0093251,17.8791,0.0902
ORD0093252,12.234,0.0019
ORD0093253,10.8213,0.0016
ORD0093254,18.1511,0.6248
ORD0093255,14.8869,0.0066
ORD0093256,12.8725,0.0086
ORD0093257,66.6226,0.0015
ORD0093258,22.1762,0.4013
ORD0093259,13.1597,0.1178
ORD0093260,9.3093,0.251
ORD0093261,13.0008,0.6383
ORD0093262,21.5995,0.8467
ORD0093263,12.0819,0.186
ORD0093264,13.0458,0.3418
ORD0093265,12.0126,0.488
ORD0093266,13.2018,0.5507
ORD0093267,12.976,0.7841
ORD0093268,11.0004,0.335
ORD0093269,17.0283,0.3684
ORD0093270,16.142,0.539
ORD0093271,12.4439,0.7728
ORD0093272,52.3326,0.1986
ORD0093273,16.2012,0.0036
ORD0093274,13.4472,0.0075
ORD0093275,16.894,0.0215
ORD0093276,39.217,0.1122
ORD0093277,38.907,0.0531
ORD0093278,21.0043,0.1611
ORD0093279,21.0556,0.1667
ORD0093280,9.9352,0.0015
ORD0093281,12.2548,0.6366
ORD0093282,9.6406,0.0077
ORD0093283,13.2295,0.7321
ORD0093284,12.3711,0.0034
ORD0093285,14.8419,0.0111
ORD0093286,13.9642,0.0069
ORD0093287,19.3495,0.0206
ORD0093288,15.7937,0.0045
ORD0093289,21.2612,0.0792
ORD0093290,14.2108,0.0011
ORD0093291,9.7758,0.0015
ORD0093292,9.2941,0.0049
ORD0093293,13.0894,0.0032
ORD0093294,15.9129,0.0028
ORD0093295,10.8463,0.013
ORD0093296,17.7719,0.448
ORD0093297,9.0464,0.004
ORD0093298,11.9938,0.0562
ORD0093299,9.3032,0.0153
ORD0093300,16.0908,0.0044
ORD0093301,16.1478,0.3206
ORD0093302,62.0004,0.0007
ORD0093303,11.0673,0.0029
ORD0093304,10.73,0.0029
ORD0093305,13.2268,0.0048
ORD0093306,10.4888,0.0081
ORD0093307,19.4694,0.002
ORD0093308,13.2196,0.0011
ORD0093309,9.9247,0.0292
ORD0093310,10.575,0.0152
ORD0093311,13.5508,0.1013
ORD0093312,11.0291,0.0815
ORD0093313,17.6005,0.3297
ORD0093314,19.2888,0.3671
ORD0093315,17.7452,0.772
ORD0093316,14.4569,0.7228
ORD0093317,31.662,0.0123
ORD0093318,21.6806,0.0049
ORD0093319,13.2621,0.883
ORD0093320,15.3811,0.0047
ORD0093321,15.1376,0.0024
ORD0093322,28.4689,0.0629
ORD0093323,20.5572,0.1472
ORD0093324,12.5176,0.0036
ORD0093325,12.898,0.0084
ORD0093326,26.3236,0.1774
ORD0093327,21.9986,0.3577
ORD0093328,17.0464,0.0144
ORD0093329,15.6111,0.0261
ORD0093330,13.3975,0.468
ORD0093331,13.1406,0.64
ORD0093332,17.1322,0.7492
ORD0093333,17.7816,0.8863
ORD0093334,8.6458,0.0355
ORD0093335,10.2436,0.1041
ORD0093336,12.6563,0.0845
ORD0093337,14.7509,0.5684
ORD0093338,14.6344,0.1142
ORD0093339,14.8583,0.7973
ORD0093340,33.4519,0.0351
ORD0093341,22.4838,0.1669
ORD0093342,15.3531,0.2917
ORD0093343,18.8265,0.0364
ORD0093344,16.7348,0.0705
ORD0093345,18.6298,0.3688
ORD0093346,17.8968,0.0963
ORD0093347,19.0681,0.0307
ORD0093348,16.1726,0.1761
ORD0093349,13.8057,0.0759
ORD0093350,13.0342,0.0876
ORD0093351,10.6807,0.0206
ORD0093352,14.0847,0.3849
ORD0093353,12.0589,0.0982
ORD0093354,24.9159,0.0025
ORD0093355,11.898,0.0901
ORD0093356,12.799,0.0801
ORD0093357,15.1764,0.8761
ORD0093358,15.6801,0.0353
ORD0093359,11.8245,0.0732
ORD0093360,12.4395,0.0174
ORD0093361,10.1392,0.2374
ORD0093362,11.4358,0.3888
ORD0093363,12.6393,0.6048
ORD0093364,9.2081,0.1453
ORD0093365,7.2203,0.1817
ORD0093366,7.8642,0.2437
ORD0093367,11.779,0.3644
ORD0093368,11.9404,0.6894
ORD0093369,10.445,0.48
ORD0093370,10.2956,0.0065
ORD0093371,10.8214,0.0019
ORD0093372,9.8162,0.0252
ORD0093373,10.3907,0.0014
ORD0093374,8.1601,0.0021
ORD0093375,8.58,0.0004
ORD0093376,9.4656,0.0715
ORD0093377,8.8303,0.0014
ORD0093378,9.9268,0.2334
ORD0093379,9.2356,0.0022
ORD0093380,10.5825,0.2898
ORD0093381,8.3932,0.0028
ORD0093382,8.1913,0.0008
ORD0093383,12.4302,0.0041
ORD0093384,12.5355,0.0036
ORD0093385,23.9341,0.0051
ORD0093386,23.11,0.0027
ORD0093387,10.1457,0.0126
ORD0093388,9.3358,0.0067
ORD0093389,12.0522,0.0495
ORD0093390,19.8702,0.0105
ORD0093391,20.4053,0.1226
ORD0093392,18.1835,0.0041
ORD0093393,18.0325,0.222
ORD0093394,15.4697,0.021
ORD0093395,12.234,0.0019
ORD0093396,10.3107,0.0023
ORD0093397,17.2504,0.6974
ORD0093398,20.2498,0.0797
ORD0093399,14.7068,0.0086
ORD0093400,15.5473,0.1837
ORD0093401,16.0863,0.2971
ORD0093402,8.588,0.0507
ORD0093403,8.3525,0.0727
ORD0093404,12.369,0.2919
ORD0093405,9.4924,0.4802
ORD0093406,21.3629,0.5787
ORD0093407,16.8304,0.6707
ORD0093408,12.2568,0.1025
ORD0093409,10.2201,0.1569
ORD0093410,12.0402,0.3513
ORD0093411,11.5507,0.5886
ORD0093412,18.7815,0.1033
ORD0093413,13.5149,0.6222
ORD0093414,13.2588,0.2364
ORD0093415,13.1958,0.8484
ORD0093416,15.4184,0.0035
ORD0093417,11.2454,0.0032
ORD0093418,13.9727,0.0194
ORD0093419,35.82,0.0743
ORD0093420,17.1367,0.1648
ORD0093421,13.1052,0.0013
ORD0093422,14.6476,0.0017
ORD0093423,13.2758,0.0031
ORD0093424,15.2223,0.0018
ORD0093425,14.6184,0.0021
ORD0093426,20.4993,0.0208
ORD0093427,15.7753,0.0243
ORD0093428,22.4569,0.0112
ORD0093429,19.216,0.0019
ORD0093430,25.1208,0.0264
ORD0093431,41.6661,0.2776
ORD0093432,24.5077,0.0107
ORD0093433,19.6499,0.0025
ORD0093434,14.755,0.0052
ORD0093435,21.0921,0.0024
ORD0093436,22.4807,0.118
ORD0093437,19.4691,0.1062
ORD0093438,23.4549,0.7672
ORD0093439,21.927,0.7205
ORD0093440,25.3732,0.0032
ORD0093441,21.0282,0.0011
ORD0093442,22.2829,0.4519
ORD0093443,22.0515,0.829
ORD0093444,17.0911,0.009
ORD0093445,15.4427,0.0013
ORD0093446,16.939,0.0281
ORD0093447,23.3437,0.0033
ORD0093448,15.7008,0.013
ORD0093449,14.1113,0.0036
ORD0093450,16.1625,0.1771
ORD0093451,23.9144,0.0394
ORD0093452,20.1004,0.2031
ORD0093453,22.3579,0.004
ORD0093454,34.4484,0.0043
ORD0093455,34.0474,0.0019
ORD0093456,19.3079,0.5168
ORD0093457,17.6017,0.015
ORD0093458,19.5774,0.0032
ORD0093459,76.4366,0.0191
ORD0093460,87.3661,0.0048
ORD0093461,27.6545,0.0008
ORD0093462,36.3896,0.1028
ORD0093463,29.935,0.1924
ORD0093464,20.4978,0.0043
ORD0093465,16.6246,0.037
ORD0093466,29.2784,0.2765
ORD0093467,31.6327,0.555
ORD0093468,20.9388,0.0178
ORD0093469,22.9178,0.8034
ORD0093470,19.6382,0.8826
ORD0093471,14.1471,0.0639
ORD0093472,68.833,0.0031
ORD0093473,19.103,0.4033
ORD0093474,23.0398,0.1256
ORD0093475,20.014,0.6967
ORD0093476,18.6167,0.2722
ORD0093477,43.191,0.0287
ORD0093478,25.8952,0.0132
ORD0093479,20.8411,0.8364
ORD0093480,21.2685,0.596
ORD0093481,27.6586,0.134
ORD0093482,32.7318,0.0376
ORD0093483,19.8725,0.2927
ORD0093484,17.3372,0.1322
ORD0093485,27.8784,0.0735
ORD0093486,17.4662,0.1389
ORD0093487,20.6384,0.035
ORD0093488,18.1844,0.3151
ORD0093489,16.8593,0.1479
ORD0093490,19.2889,0.3815
ORD0093491,20.4883,0.115
ORD0093492,19.6741,0.0342
ORD0093493,20.3308,0.4791
ORD0093494,11.8212,0.0699
ORD0093495,18.4905,0.822
ORD0093496,12.7329,0.1541
ORD0093497,14.5152,0.2048
ORD0093498,11.3369,0.2854
ORD0093499,20.4533,0.4585
ORD0093500,16.1004,0.8085
ORD0093501,14.6851,0.533
ORD0093502,13.5231,0.0018
ORD0093503,13.2584,0.0136
ORD0093504,14.5584,0.0095
ORD0093505,13.2143,0.0022
ORD0093506,12.622,0.0006
ORD0093507,14.5818,0.0027
ORD0093508,14.039,0.061
ORD0093509,14.1461,0.0056
ORD0093510,15.133,0.2388
ORD0093511,12.7881,0.0141
ORD0093512,14.1184,0.4633
ORD0093513,13.3199,0.0548
ORD0093514,13.3017,0.0025
ORD0093515,19.0187,0.0048
ORD0093516,23.0613,0.8675
ORD0093517,28.4329,0.0027
ORD0093518,27.4435,0.7651
ORD0093519,13.2621,0.0093
ORD0093520,16.028,0.0209
ORD0093521,15.8954,0.9552
ORD0093522,38.2933,0.0009
ORD0093523,139.1262,0.3914
ORD0093524,76.1449,0.0041
ORD0093525,23.4306,0.0226
ORD0093526,24.1504,0.0506
ORD0093527,19.7771,0.0095
ORD0093528,24.5857,0.3019
ORD0093529,17.9041,0.002
ORD0093530,15.287,0.0015
ORD0093531,24.7392,0.8069
ORD0093532,22.5314,0.0558
ORD0093533,15.4529,0.0092
ORD0093534,20.999,0.0035
ORD0093535,22.8326,0.3244
ORD0093536,17.8892,0.0936
ORD0093537,13.7484,0.0637
ORD0093538,12.5626,0.0341
ORD0093539,18.3013,0.5927
ORD0093540,14.8922,0.2433
ORD0093541,26.1152,0.8611
ORD0093542,22.4363,0.5246
ORD0093543,18.7998,0.1164
ORD0093544,14.0305,0.203
ORD0093545,22.5128,0.924
ORD0093546,14.1636,0.4031
ORD0093547,14.009,0.1557
ORD0093548,23.5083,0.3176
ORD0093549,26.7854,0.7529
ORD0093550,20.769,0.5227
ORD0093551,15.7163,0.4274
ORD0093552,22.0548,0.0115
ORD0093553,16.6137,0.003
ORD0093554,19.1662,0.0935
ORD0093555,19.4466,0.0199
ORD0093556,72.2279,0.399
ORD0093557,27.1653,0.8373
ORD0093558,26.2784,0.0333
ORD0093559,53.2937,0.0058
ORD0093560,9.9678,0.0028
ORD0093561,10.7354,0.0399
ORD0093562,11.1663,0.0034
ORD0093563,11.4158,0.3033
ORD0093564,11.9364,0.0021
ORD0093565,12.0056,0.233
ORD0093566,12.8346,0.0675
ORD0093567,14.2096,0.0041
ORD0093568,17.7286,0.009
ORD0093569,12.9217,0.0218
ORD0093570,21.5608,0.0173
ORD0093571,20.5761,0.2081
ORD0093572,24.6328,0.0766
ORD0093573,15.2191,0.002
ORD0093574,12.7243,0.0018
ORD0093575,12.8883,0.036
ORD0093576,12.0019,0.0598
ORD0093577,14.5015,0.0087
ORD0093578,13.8566,0.0039
ORD0093579,20.58,0.2966
ORD0093580,22.5747,0.5069
ORD0093581,13.8722,0.4396
ORD0093582,17.0232,0.0037
ORD0093583,13.5067,0.007
ORD0093584,24.2625,0.8696
ORD0093585,23.5663,0.766
ORD0093586,65.475,0.0086
ORD0093587,78.5881,0.2172
ORD0093588,49.4346,0.009
ORD0093589,50.6447,0.0176
ORD0093590,30.5231,0.0018
ORD0093591,51.7989,0.002
ORD0093592,12.1068,0.0043
ORD0093593,10.8874,0.0053
ORD0093594,17.0989,0.014
ORD0093595,13.7135,0.023
ORD0093596,25.7162,0.0025
ORD0093597,20.1786,0.0017
ORD0093598,10.6907,0.0539
ORD0093599,14.7076,0.0532
ORD0093600,17.7501,0.2118
ORD0093601,21.436,0.0439
ORD0093602,17.3213,0.2994
ORD0093603,37.9958,0.0237
ORD0093604,19.3104,0.7815
ORD0093605,14.1995,0.1646
ORD0093606,14.4227,0.0025
ORD0093607,16.0106,0.0042
ORD0093608,30.2787,0.3766
ORD0093609,16.6976,0.0174
ORD0093610,11.974,0.0036
ORD0093611,31.3518,0.7906
ORD0093612,22.9105,0.0879
ORD0093613,18.4403,0.0519
ORD0093614,18.3851,0.0072
ORD0093615,19.178,0.9667
ORD0093616,20.7529,0.9761
ORD0093617,16.8176,0.1416
ORD0093618,12.2298,0.2026
ORD0093619,9.5042,0.0232
ORD0093620,13.4446,0.1159
ORD0093621,15.1518,0.1153
ORD0093622,15.897,0.2325
ORD0093623,15.7076,0.2033
ORD0093624,29.9764,0.0252
ORD0093625,27.9148,0.0173
ORD0093626,18.844,0.397
ORD0093627,17.4812,0.3505
ORD0093628,22.8656,0.0566
ORD0093629,20.5711,0.0407
ORD0093630,18.3758,0.0713
ORD0093631,15.412,0.096
ORD0093632,22.3067,0.1965
ORD0093633,20.3239,0.0896
ORD0093634,17.2442,0.397
ORD0093635,17.4504,0.2056
ORD0093636,16.8148,0.1082
ORD0093637,15.587,0.0862
ORD0093638,16.5138,0.7398
ORD0093639,13.8241,0.3457
ORD0093640,11.0199,0.1765
ORD0093641,12.3673,0.1685
ORD0093642,14.7582,0.0057
ORD0093643,16.7024,0.0983
ORD0093644,13.7455,0.0855
ORD0093645,16.2455,0.0663
ORD0093646,13.4991,0.6022
ORD0093647,15.1372,0.9416
ORD0093648,12.7859,0.088
ORD0093649,8.2657,0.0333
ORD0093650,10.8924,0.1618
ORD0093651,12.2606,0.0539
ORD0093652,9.6281,0.3451
ORD0093653,9.5173,0.0047
ORD0093654,9.7307,0.0021
ORD0093655,11.2771,0.002
ORD0093656,11.3305,0.001
ORD0093657,10.4898,0.0009
ORD0093658,9.7187,0.0032
ORD0093659,10.8593,0.0005
ORD0093660,8.4006,0.0018
ORD0093661,10.3674,0.0012
ORD0093662,9.4139,0.0068
ORD0093663,10.3529,0.0021
ORD0093664,9.2551,0.0404
ORD0093665,9.585,0.0024
ORD0093666,8.9967,0.0567
ORD0093667,8.5185,0.0026
ORD0093668,21.0951,0.0038
ORD0093669,16.0835,0.0051
ORD0093670,26.8345,0.0017
ORD0093671,10.2334,0.0043
ORD0093672,14.0347,0.0099
ORD0093673,11.2514,0.0143
ORD0093674,28.6339,0.0013
ORD0093675,60.4477,0.0128
ORD0093676,55.3339,0.0122
ORD0093677,46.4809,0.0009
ORD0093678,58.6738,0.0008
ORD0093679,35.4822,0.0007
ORD0093680,50.2842,0.0013
ORD0093681,21.2291,0.0131
ORD0093682,14.7376,0.003
ORD0093683,31.3004,0.0896
ORD0093684,26.3501,0.0057
ORD0093685,22.3985,0.4454
ORD0093686,16.4771,0.0021
ORD0093687,19.5921,0.8838
ORD0093688,18.7154,0.0312
ORD0093689,15.2982,0.0104
ORD0093690,23.6643,0.2033
ORD0093691,9.3702,0.0434
ORD0093692,11.4529,0.447
ORD0093693,11.0172,0.0259
ORD0093694,25.2274,0.6574
ORD0093695,18.0749,0.1035
ORD0093696,17.0283,0.1094
ORD0093697,13.2935,0.0126
ORD0093698,12.684,0.1138
ORD0093699,14.305,0.6506
ORD0093700,13.392,0.2624
ORD0093701,10.4267,0.1075
ORD0093702,20.1067,0.3654
ORD0093703,16.4814,0.4509
ORD0093704,15.2633,0.8819
ORD0093705,16.7564,0.0034
ORD0093706,15.3428,0.0185
ORD0093707,17.6931,0.0011
ORD0093708,43.6264,0.0519
ORD0093709,48.8209,0.0054
ORD0093710,28.8387,0.1332
ORD0093711,28.5099,0.0088
ORD0093712,10.0455,0.0013
ORD0093713,9.9678,0.0014
ORD0093714,9.6491,0.0046
ORD0093715,9.82,0.0054
ORD0093716,11.872,0.0022
ORD0093717,11.7324,0.0029
ORD0093718,14.7676,0.0251
ORD0093719,13.4142,0.1227
ORD0093720,20.0181,0.0039
ORD0093721,18.4427,0.0121
ORD0093722,30.0517,0.0053
ORD0093723,30.2556,0.0148
ORD0093724,24.719,0.4779
ORD0093725,15.4573,0.002
ORD0093726,13.0741,0.0025
ORD0093727,14.3994,0.0134
ORD0093728,14.1555,0.0877
ORD0093729,20.8354,0.004
ORD0093730,20.395,0.1198
ORD0093731,15.1563,0.4008
ORD0093732,19.4422,0.0028
ORD0093733,18.1865,0.0067
ORD0093734,23.3286,0.7366
ORD0093735,86.327,0.0069
ORD0093736,53.9765,0.0033
ORD0093737,96.1298,0.0035
ORD0093738,13.6429,0.0074
ORD0093739,16.0504,0.0194
ORD0093740,12.3294,0.0051
ORD0093741,29.1479,0.002
ORD0093742,15.3673,0.0833
ORD0093743,9.4488,0.0156
ORD0093744,12.7228,0.2325
ORD0093745,14.4438,0.0355
ORD0093746,18.0392,0.001
ORD0093747,21.0929,0.1369
ORD0093748,14.8842,0.0041
ORD0093749,47.9751,0.0015
ORD0093750,38.947,0.0037
ORD0093751,14.9162,0.6288
ORD0093752,17.947,0.0048
ORD0093753,14.8486,0.0028
ORD0093754,110.1704,0.0007
ORD0093755,61.2151,0.0012
ORD0093756,34.2045,0.0919
ORD0093757,17.3719,0.0087
ORD0093758,22.4265,0.3457
ORD0093759,19.4217,0.0259
ORD0093760,23.0319,0.0348
ORD0093761,15.0586,0.7723
ORD0093762,11.318,0.2631
ORD0093763,15.2968,0.9249
ORD0093764,12.3923,0.0744
ORD0093765,14.7736,0.1493
ORD0093766,16.7802,0.1946
ORD0093767,17.3174,0.3788
ORD0093768,28.6251,0.0303
ORD0093769,20.07,0.6527
ORD0093770,16.2526,0.0312
ORD0093771,21.8288,0.0628
ORD0093772,26.0482,0.0321
ORD0093773,18.3989,0.1649
ORD0093774,63.3636,0.0931
ORD0093775,56.4276,0.0097
ORD0093776,24.1879,0.0633
ORD0093777,17.3179,0.098
ORD0093778,17.6777,0.0047
ORD0093779,18.8637,0.0526
ORD0093780,14.8883,0.141
ORD0093781,14.6769,0.0344
ORD0093782,50.7515,0.0048
ORD0093783,13.5751,0.0303
ORD0093784,15.0514,0.2507
ORD0093785,26.7781,0.0218
ORD0093786,16.338,0.1012
ORD0093787,13.8991,0.0328
ORD0093788,13.9088,0.0331
ORD0093789,9.8069,0.0477
ORD0093790,12.8911,0.098
ORD0093791,27.2336,0.0068
ORD0093792,45.7084,0.006
ORD0093793,28.1976,0.0023
ORD0093794,10.6288,0.0342
ORD0093795,14.6902,0.0728
ORD0093796,18.2393,0.9026
ORD0093797,8.2898,0.2156
ORD0093798,12.0371,0.0005
ORD0093799,10.1039,0.0042
ORD0093800,10.9946,0.0391
ORD0093801,11.347,0.0019
ORD0093802,11.6452,0.0006
ORD0093803,10.322,0.1737
ORD0093804,14.5925,0.8781
ORD0093805,9.8473,0.0127
ORD0093806,13.0858,0.0007
ORD0093807,10.3181,0.0007
ORD0093808,9.1562,0.0339
ORD0093809,11.9665,0.7155
ORD0093810,8.6027,0.0024
ORD0093811,16.7213,0.0108
ORD0093812,18.5434,0.0034
ORD0093813,26.5149,0.0088
ORD0093814,29.1507,0.0018
ORD0093815,12.9823,0.065
ORD0093816,13.3114,0.0083
ORD0093817,17.7744,0.3544
ORD0093818,21.8397,0.0182
ORD0093819,16.1535,0.0062
ORD0093820,29.9914,0.0323
ORD0093821,19.8587,0.1818
ORD0093822,17.009,0.0308
ORD0093823,16.3145,0.0018
ORD0093824,20.7145,0.5837
ORD0093825,16.0482,0.0057
ORD0093826,15.71,0.0025
ORD0093827,19.3801,0.3035
ORD0093828,13.6742,0.016
ORD0093829,12.1503,0.099
ORD0093830,13.4844,0.5326
ORD0093831,26.5712,0.8008
ORD0093832,19.4327,0.0394
ORD0093833,18.0317,0.1378
ORD0093834,12.9074,0.1138
ORD0093835,12.365,0.2455
ORD0093836,12.4366,0.3643
ORD0093837,21.4006,0.7733
ORD0093838,18.8452,0.2267
ORD0093839,16.7869,0.9383
ORD0093840,76.1983,0.0578
ORD0093841,18.2818,0.0062
ORD0093842,13.1289,0.0464
ORD0093843,14.6311,0.0577
ORD0093844,16.881,0.1389
ORD0093845,67.1716,0.1605
ORD0093846,46.9996,0.7129
ORD0093847,22.1156,0.4384
ORD0093848,26.1383,0.8957
ORD0093849,16.2308,0.7067
ORD0093850,19.0841,0.9648
ORD0093851,17.5686,0.3025
ORD0093852,20.1177,0.9683
ORD0093853,15.2814,0.2004
ORD0093854,17.3094,0.0196
ORD0093855,16.7446,0.0042
ORD0093856,21.1507,0.0023
ORD0093857,19.7556,0.0053
ORD0093858,28.3053,0.0031
ORD0093859,28.5886,0.0367
ORD0093860,44.0807,0.0107
ORD0093861,25.9823,0.2276
ORD0093862,19.8917,0.0021
ORD0093863,17.165,0.0125
ORD0093864,18.6276,0.015
ORD0093865,24.9605,0.0037
ORD0093866,16.5389,0.002
ORD0093867,22.7563,0.0314
ORD0093868,21.0479,0.1111
ORD0093869,17.9502,0.0093
ORD0093870,26.7064,0.0024
ORD0093871,20.1799,0.0024
ORD0093872,23.3822,0.5104
ORD0093873,29.297,0.7158
ORD0093874,18.5443,0.0122
ORD0093875,19.5649,0.0354
ORD0093876,15.9469,0.0038
ORD0093877,25.4273,0.0019
ORD0093878,23.5999,0.002
ORD0093879,14.9649,0.1921
ORD0093880,15.4175,0.0098
ORD0093881,21.3839,0.01
ORD0093882,18.7916,0.0364
ORD0093883,24.9481,0.0346
ORD0093884,37.4784,0.4349
ORD0093885,23.4871,0.1459
ORD0093886,44.2456,0.0027
ORD0093887,38.8369,0.0329
ORD0093888,18.8451,0.5731
ORD0093889,23.6341,0.6823
ORD0093890,19.1819,0.0051
ORD0093891,22.1519,0.0056
ORD0093892,125.9086,0.001
ORD0093893,27.4655,0.2491
ORD0093894,29.5969,0.0738
ORD0093895,18.9399,0.0076
ORD0093896,18.4892,0.007
ORD0093897,29.9642,0.7516
ORD0093898,18.7833,0.0545
ORD0093899,19.5394,0.936
ORD0093900,17.1668,0.2807
ORD0093901,26.062,0.9799
ORD0093902,20.2852,0.5895
ORD0093903,15.9447,0.1646
ORD0093904,14.7286,0.0468
ORD0093905,22.8092,0.7335
ORD0093906,27.097,0.8999
ORD0093907,39.7246,0.0749
ORD0093908,33.644,0.0173
ORD0093909,24.9627,0.9693
ORD0093910,31.4992,0.1807
ORD0093911,26.4608,0.4617
ORD0093912,22.5509,0.0146
ORD0093913,29.1573,0.3514
ORD0093914,27.8568,0.0887
ORD0093915,25.7712,0.7095
ORD0093916,18.7829,0.1503
ORD0093917,23.6123,0.1761
ORD0093918,17.2442,0.0671
ORD0093919,23.389,0.9172
ORD0093920,16.3765,0.0137
ORD0093921,17.5818,0.1395
ORD0093922,30.0459,0.0108
ORD0093923,25.6325,0.067
ORD0093924,20.857,0.0308
ORD0093925,17.5046,0.0233
ORD0093926,18.9664,0.4298
ORD0093927,18.134,0.1071
ORD0093928,19.7808,0.7824
ORD0093929,44.4947,0.0123
ORD0093930,17.9792,0.1576
ORD0093931,23.1818,0.4295
ORD0093932,20.4807,0.0671
ORD0093933,16.6566,0.7929
ORD0093934,12.8459,0.2846
ORD0093935,15.0684,0.0028
ORD0093936,14.5373,0.1656
ORD0093937,14.6912,0.0018
ORD0093938,14.1659,0.0026
ORD0093939,14.2579,0.0113
ORD0093940,15.2797,0.5376
ORD0093941,12.4761,0.0037
ORD0093942,12.6436,0.0103
ORD0093943,14.0842,0.0731
ORD0093944,16.1356,0.3334
ORD0093945,17.0444,0.8808
ORD0093946,14.6571,0.6999
ORD0093947,12.5009,0.0094
ORD0093948,13.3135,0.0613
ORD0093949,22.9574,0.3492
ORD0093950,29.2126,0.1155
ORD0093951,15.3621,0.8142
ORD0093952,21.1603,0.0262
ORD0093953,21.279,0.9548
ORD0093954,16.3148,0.2883
ORD0093955,21.7155,0.006
ORD0093956,21.9046,0.0543
ORD0093957,24.5905,0.0332
ORD0093958,35.1327,0.4087
ORD0093959,25.5221,0.1539
ORD0093960,26.4207,0.8169
ORD0093961,20.751,0.0023
ORD0093962,14.1416,0.0032
ORD0093963,24.2771,0.4984
ORD0093964,26.1111,0.9547
ORD0093965,22.1504,0.0043
ORD0093966,21.405,0.0112
ORD0093967,46.2224,0.0015
ORD0093968,23.3714,0.4161
ORD0093969,19.6839,0.5753
ORD0093970,16.8757,0.0911
ORD0093971,13.8305,0.1792
ORD0093972,18.5933,0.6826
ORD0093973,20.1656,0.8371
ORD0093974,36.2117,0.9063
ORD0093975,22.5955,0.1698
ORD0093976,18.0109,0.2906
ORD0093977,37.9983,0.0412
ORD0093978,17.4316,0.1951
ORD0093979,19.1737,0.9483
ORD0093980,16.354,0.427
ORD0093981,31.0231,0.2931
ORD0093982,26.9258,0.8168
ORD0093983,20.1599,0.4195
ORD0093984,21.0523,0.0059
ORD0093985,19.9017,0.0311
ORD0093986,21.7293,0.0014
ORD0093987,60.6934,0.0845
ORD0093988,34.2449,0.0034
ORD0093989,27.2848,0.4655
ORD0093990,9.632,0.0013
ORD0093991,9.9838,0.0046
ORD0093992,11.6558,0.0019
ORD0093993,13.2414,0.0087
ORD0093994,16.5876,0.0023
ORD0093995,26.2522,0.1062
ORD0093996,17.5123,0.0071
ORD0093997,29.0912,0.4028
ORD0093998,21.4409,0.0273
ORD0093999,17.7416,0.0033
ORD0094000,10.9394,0.0018
ORD0094001,11.5455,0.0048
ORD0094002,20.4967,0.0097
ORD0094003,16.0419,0.0031
ORD0094004,15.1028,0.0421
ORD0094005,15.3148,0.0874
ORD0094006,14.9276,0.7493
ORD0094007,13.0754,0.2013
ORD0094008,20.2881,0.066
ORD0094009,19.1081,0.1566
ORD0094010,21.2766,0.5403
ORD0094011,13.5013,0.0076
ORD0094012,11.3845,0.0076
ORD0094013,12.156,0.0219
ORD0094014,22.096,0.0023
ORD0094015,20.1693,0.0033
ORD0094016,9.9698,0.0112
ORD0094017,12.2683,0.0936
ORD0094018,13.2331,0.0468
ORD0094019,18.3702,0.0651
ORD0094020,15.439,0.2109
ORD0094021,17.8948,0.2646
ORD0094022,20.3047,0.7088
ORD0094023,28.2063,0.0088
ORD0094024,14.3921,0.6085
ORD0094025,13.1902,0.9028
ORD0094026,14.2661,0.0032
ORD0094027,20.4815,0.1172
ORD0094028,18.7316,0.0668
ORD0094029,16.3432,0.0088
ORD0094030,20.6215,0.5193
ORD0094031,20.2667,0.3685
ORD0094032,18.4939,0.0524
ORD0094033,21.0741,0.0349
ORD0094034,14.9536,0.8687
ORD0094035,14.7292,0.691
ORD0094036,19.681,0.9738
ORD0094037,18.7263,0.9507
ORD0094038,11.9728,0.1218
ORD0094039,30.7007,0.0014
ORD0094040,31.464,0.0015
ORD0094041,13.4958,0.1881
ORD0094042,19.7069,0.2291
ORD0094043,13.5491,0.1579
ORD0094044,16.0979,0.5337
ORD0094045,27.1287,0.0234
ORD0094046,17.4008,0.5444
ORD0094047,18.7099,0.8407
ORD0094048,28.5465,0.0724
ORD0094049,20.0035,0.2357
ORD0094050,14.9063,0.1277
ORD0094051,20.9837,0.035
ORD0094052,20.4439,0.0285
ORD0094053,13.0663,0.0647
ORD0094054,13.9402,0.0213
ORD0094055,11.8305,0.0205
ORD0094056,14.5888,0.1359
ORD0094057,12.7739,0.0559
ORD0094058,11.2934,0.0972
ORD0094059,16.6741,0.0037
ORD0094060,14.2136,0.0462
ORD0094061,12.231,0.166
ORD0094062,11.1497,0.1582
ORD0094063,13.2751,0.4788
ORD0094064,10.8989,0.5198
ORD0094065,7.7706,0.0654
ORD0094066,8.6757,0.0724
ORD0094067,10.0152,0.1216
ORD0094068,12.202,0.1431
ORD0094069,9.1389,0.3042
ORD0094070,9.5856,0.3015
ORD0094071,9.7963,0.0065
ORD0094072,10.6691,0.0014
ORD0094073,10.8511,0.0017
ORD0094074,11.2445,0.0408
ORD0094075,11.4534,0.0034
ORD0094076,10.2586,0.0023
ORD0094077,8.5971,0.002
ORD0094078,10.1899,0.1073
ORD0094079,10.5776,0.31
ORD0094080,11.2471,0.755
ORD0094081,8.89,0.0052
ORD0094082,8.0971,0.0014
ORD0094083,15.1258,0.0029
ORD0094084,25.7713,0.0023
ORD0094085,26.1006,0.0464
ORD0094086,10.074,0.0058
ORD0094087,13.1125,0.1308
ORD0094088,14.0857,0.0199
ORD0094089,11.8598,0.5557
ORD0094090,18.5748,0.0074
ORD0094091,18.2489,0.0093
ORD0094092,21.454,0.0538
ORD0094093,17.2105,0.072
ORD0094094,16.2407,0.026
ORD0094095,13.2554,0.0029
ORD0094096,11.6605,0.0014
ORD0094097,19.346,0.3638
ORD0094098,13.5648,0.0046
ORD0094099,15.4966,0.0029
ORD0094100,93.1971,0.001
ORD0094101,21.0095,0.361
ORD0094102,10.0921,0.1332
ORD0094103,11.2887,0.249
ORD0094104,13.7433,0.6229
ORD0094105,24.4678,0.871
ORD0094106,19.4854,0.2039
ORD0094107,19.1097,0.6625
ORD0094108,14.735,0.3827
ORD0094109,10.9025,0.0972
ORD0094110,14.9957,0.6295
ORD0094111,11.925,0.67
ORD0094112,22.4501,0.4933
ORD0094113,19.791,0.7613
ORD0094114,12.1202,0.2538
ORD0094115,83.491,0.2553
ORD0094116,16.3983,0.0554
ORD0094117,13.4544,0.0099
ORD0094118,17.7598,0.3221
ORD0094119,45.0105,0.8686
ORD0094120,39.0751,0.0447
ORD0094121,25.1669,0.9486
ORD0094122,21.4972,0.2231
ORD0094123,9.8875,0.0016
ORD0094124,9.9352,0.0016
ORD0094125,9.7917,0.0104
ORD0094126,11.0048,0.0028
ORD0094127,12.3335,0.0038
ORD0094128,13.6704,0.0041
ORD0094129,16.1049,0.1155
ORD0094130,16.6939,0.3059
ORD0094132,42.645,0.7921
ORD0094133,12.2678,0.0058
ORD0094134,10.2267,0.0014
ORD0094135,10.1179,0.0031
ORD0094137,11.9432,0.0017
ORD0094139,23.1517,0.9491
ORD0094141,12.6628,0.0167
ORD0094143,17.372,0.0505
ORD0094144,15.3606,0.055
ORD0094145,62.2346,0.0041
ORD0094146,49.6863,0.0029
ORD0094147,33.9003,0.0021
ORD0094148,12.6047,0.09
ORD0094149,10.3513,0.0029
ORD0094150,12.8306,0.1968
ORD0094151,11.1207,0.0157
ORD0094152,19.7455,0.0032
ORD0094153,17.6802,0.0014
ORD0094154,12.7966,0.4869
ORD0094155,9.9168,0.1951
ORD0094156,14.0706,0.7299
ORD0094157,13.5955,0.4701
ORD0094158,19.0767,0.744
ORD0094159,20.0327,0.8299
ORD0094160,16.2607,0.958
ORD0094161,20.6386,0.7267
ORD0094162,20.1788,0.0416
ORD0094163,22.2779,0.0799
ORD0094164,12.3155,0.9665
ORD0094165,15.8256,0.0134
ORD0094166,15.4601,0.0037
ORD0094167,23.1691,0.0534
ORD0094168,21.4023,0.0448
ORD0094169,14.4026,0.0044
ORD0094170,10.5531,0.0024
ORD0094171,25.0262,0.2048
ORD0094172,19.6023,0.0878
ORD0094173,15.2255,0.0305
ORD0094174,16.9115,0.0086
ORD0094175,15.0733,0.6551
ORD0094176,10.5609,0.1525
ORD0094177,17.5987,0.842
ORD0094178,16.6135,0.6676
ORD0094179,8.9782,0.0901
ORD0094180,9.0752,0.0245
ORD0094181,47.3177,0.0016
ORD0094182,11.0031,0.1568
ORD0094183,14.2344,0.0703
ORD0094184,16.0054,0.3856
ORD0094185,12.6168,0.1177
ORD0094186,29.5215,0.0293
ORD0094187,23.4784,0.0293
ORD0094188,15.5603,0.5874
ORD0094189,18.9425,0.0913
ORD0094190,16.9584,0.1833
ORD0094191,18.4793,0.0606
ORD0094192,19.2163,0.0569
ORD0094193,19.2296,0.1549
ORD0094194,13.411,0.0725
ORD0094195,12.3586,0.2922
ORD0094196,15.8448,0.0445
ORD0094197,11.3689,0.1101
ORD0094198,12.529,0.1414
ORD0094199,14.3285,0.5457
ORD0094200,10.6613,0.1674
ORD0094201,9.8107,0.1585
ORD0094202,16.0919,0.0983
ORD0094203,16.9137,0.0846
ORD0094204,13.9608,0.0411
ORD0094205,11.1722,0.0335
ORD0094206,8.0175,0.0066
ORD0094207,9.8291,0.2924
ORD0094208,11.1013,0.2995
ORD0094209,12.8075,0.3785
ORD0094210,9.0025,0.3072
ORD0094211,8.0157,0.305
ORD0094212,12.7381,0.6279
ORD0094213,12.4238,0.9051
ORD0094214,11.075,0.539
ORD0094215,9.5466,0.0035
ORD0094216,10.6807,0.001
ORD0094217,11.256,0.0111
ORD0094218,9.9459,0.0014
ORD0094219,8.1275,0.0023
ORD0094220,8.7729,0.0005
ORD0094221,9.3775,0.0334
ORD0094222,9.6871,0.0019
ORD0094223,9.3745,0.097
ORD0094224,9.3842,0.0024
ORD0094225,9.6729,0.1926
ORD0094226,8.3887,0.002
ORD0094227,7.9312,0.0011
ORD0094228,13.6621,0.0029
ORD0094229,14.7492,0.0031
ORD0094230,23.6938,0.0021
ORD0094231,26.8274,0.0018
ORD0094232,9.8002,0.0028
ORD0094233,13.2725,0.0062
ORD0094234,13.5475,0.0136
ORD0094235,18.9057,0.0049
ORD0094236,15.6374,0.0152
ORD0094237,16.1395,0.0071
ORD0094238,20.3008,0.0528
ORD0094239,15.6579,0.0244
ORD0094240,15.8731,0.0017
ORD0094241,10.9276,0.0016
ORD0094242,16.4102,0.1915
ORD0094243,21.1438,0.0435
ORD0094244,15.1129,0.0019
ORD0094245,17.5424,0.2534
ORD0094246,15.5394,0.1738
ORD0094247,9.2732,0.032
ORD0094248,9.4109,0.0443
ORD0094249,10.3848,0.4354
ORD0094250,9.0445,0.4678
ORD0094251,23.1113,0.686
ORD0094252,23.36,0.6438
ORD0094253,14.5133,0.1132
ORD0094254,11.2582,0.1113
ORD0094255,12.6256,0.0947
ORD0094256,11.2311,0.1988
ORD0094257,22.704,0.5928
ORD0094258,13.0774,0.3341
ORD0094259,17.1334,0.8484
ORD0094260,12.3101,0.4372
ORD0094261,14.7772,0.0063
ORD0094262,12.0897,0.0066
ORD0094263,13.8774,0.0289
ORD0094264,44.8413,0.0953
ORD0094265,16.5328,0.2436
ORD0094266,11.3217,0.2001
ORD0094267,10.7262,0.0275
ORD0094268,11.817,0.8283
ORD0094269,15.008,0.8006
ORD0094270,12.0056,0.221
ORD0094271,13.4576,0.0048
ORD0094272,11.3258,0.0026
ORD0094273,15.4905,0.0059
ORD0094275,16.5705,0.0225
ORD0094276,22.6501,0.0428
ORD0094278,14.5811,0.0009
ORD0094279,12.23,0.0155
ORD0094280,16.9841,0.0015
ORD0094281,17.783,0.3499
ORD0094282,8.9123,0.0034
ORD0094283,13.7258,0.1385
ORD0094284,9.0349,0.0059
ORD0094285,13.3729,0.0033
ORD0094286,15.6879,0.0035
ORD0094287,18.8692,0.4204
ORD0094289,12.4061,0.1685
ORD0094290,10.8691,0.0056
ORD0094291,14.14,0.6698
ORD0094292,17.7346,0.0014
ORD0094293,8.9887,0.0053
ORD0094294,10.8487,0.0431
ORD0094295,14.7797,0.0151
ORD0094296,15.2535,0.0317
ORD0094297,16.4215,0.1671
ORD0094298,16.7863,0.3044
ORD0094299,21.7098,0.0032
ORD0094300,25.0189,0.0065
ORD0094301,13.5438,0.512
ORD0094302,12.4482,0.9923
ORD0094303,13.2377,0.1378
ORD0094304,69.5194,0.0044
ORD0094305,61.8066,0.0118
ORD0094306,37.3107,0.0007
ORD0094307,21.2622,0.0346
ORD0094308,19.4183,0.0313
ORD0094309,12.4259,0.0022
ORD0094310,13.1636,0.0156
ORD0094311,21.7012,0.0966
ORD0094312,18.9024,0.0724
ORD0094313,16.6953,0.0088
ORD0094314,10.6167,0.4314
ORD0094315,14.3007,0.6901
ORD0094316,10.5556,0.0312
ORD0094317,67.4337,0.0012
ORD0094318,13.6474,0.1689
ORD0094319,11.8517,0.1022
ORD0094320,15.8481,0.299
ORD0094321,13.0969,0.0649
ORD0094322,24.7291,0.0364
ORD0094323,23.8479,0.0139
ORD0094324,15.1792,0.454
ORD0094325,14.8141,0.2475
ORD0094326,27.0743,0.0617
ORD0094327,19.1767,0.0289
ORD0094328,13.3629,0.111
ORD0094329,14.9051,0.0553
ORD0094330,25.1132,0.0691
ORD0094331,10.1576,0.1013
ORD0094332,18.4594,0.0564
ORD0094333,13.2817,0.1738
ORD0094334,9.4802,0.0764
ORD0094335,16.1608,0.043
ORD0094336,11.5296,0.0177
ORD0094337,14.0165,0.0341
ORD0094338,10.8452,0.1816
ORD0094339,10.168,0.0773
ORD0094340,11.1739,0.0521
ORD0094341,8.1491,0.1249
ORD0094342,10.2639,0.1972
ORD0094343,11.2304,0.6223
ORD0094344,11.1583,0.3891
ORD0094345,12.5119,0.7609
ORD0094346,12.9749,0.9364
ORD0094347,10.1891,0.0027
ORD0094348,9.2573,0.0006
ORD0094349,11.0985,0.0011
ORD0094350,10.3992,0.0035
ORD0094351,8.2992,0.0017
ORD0094352,10.0127,0.0127
ORD0094353,9.6731,0.001
ORD0094354,9.2076,0.0516
ORD0094355,9.799,0.0013
ORD0094356,9.5005,0.1156
ORD0094357,8.4667,0.0017
ORD0094358,8.9297,0.0006
ORD0094359,9.0386,0.0005
ORD0094360,15.956,0.0029
ORD0094361,12.5845,0.0041
ORD0094362,22.8764,0.0025
ORD0094363,18.1573,0.0046
ORD0094364,10.2417,0.0039
ORD0094365,14.5291,0.0164
ORD0094366,11.4942,0.0138
ORD0094367,107.4814,0.1261
ORD0094368,53.1946,0.0013
ORD0094369,20.0123,0.0555
ORD0094370,16.8913,0.1289
ORD0094371,18.7856,0.0158
ORD0094372,22.6448,0.5581
ORD0094373,15.0929,0.0024
ORD0094374,10.2616,0.0017
ORD0094375,18.3517,0.9202
ORD0094376,19.6751,0.0304
ORD0094377,13.769,0.0133
ORD0094378,15.7027,0.0034
ORD0094379,17.8417,0.2559
ORD0094380,11.303,0.0431
ORD0094381,10.0853,0.0999
ORD0094382,8.0956,0.035
ORD0094383,12.3942,0.527
ORD0094384,10.0223,0.1547
ORD0094385,22.6708,0.7455
ORD0094386,17.9573,0.3525
ORD0094387,11.749,0.1419
ORD0094388,10.7285,0.1651
ORD0094389,11.6649,0.214
ORD0094390,12.3271,0.3686
ORD0094391,10.8767,0.3187
ORD0094392,22.6625,0.1497
ORD0094393,12.8205,0.2516
ORD0094394,13.2187,0.1982
ORD0094395,10.7483,0.3765
ORD0094396,15.1549,0.0294
ORD0094397,12.3037,0.137
ORD0094398,15.738,0.1747
ORD0094399,18.6469,0.6533
ORD0094400,43.043,0.5995
ORD0094401,22.3329,0.821
ORD0094402,23.9423,0.8695
ORD0094403,29.9889,0.0016
ORD0094404,9.8875,0.0015
ORD0094405,11.1787,0.1857
ORD0094406,9.4726,0.0063
ORD0094407,12.2193,0.8365
ORD0094408,12.5509,0.0035
ORD0094409,14.1281,0.8893
ORD0094410,14.2094,0.0009
ORD0094411,13.1083,0.0038
ORD0094412,14.8988,0.1575
ORD0094413,17.5076,0.1068
ORD0094414,18.4805,0.3098
ORD0094415,17.0664,0.1041
ORD0094416,30.0922,0.7519
ORD0094417,14.2561,0.003
ORD0094418,10.9537,0.0027
ORD0094419,12.3495,0.0007
ORD0094421,16.3448,0.007
ORD0094423,21.4448,0.9216
ORD0094425,12.2256,0.0017
ORD0094426,19.5062,0.0476
ORD0094427,13.4826,0.0085
ORD0094428,14.5291,0.0073
ORD0094430,59.1225,0.0095
ORD0094431,62.3666,0.0081
ORD0094432,41.5871,0.0125
ORD0094433,58.7103,0.01
ORD0094434,29.886,0.0009
ORD0094435,58.099,0.0011
ORD0094436,12.1797,0.0046
ORD0094437,10.6929,0.007
ORD0094438,14.6482,0.0111
ORD0094439,14.3324,0.0237
ORD0094440,18.2579,0.0023
ORD0094441,17.6895,0.002
ORD0094442,10.1104,0.0414
ORD0094443,13.3138,0.1025
ORD0094444,21.7368,0.3637
ORD0094445,19.9117,0.0998
ORD0094446,20.8615,0.8878
ORD0094447,35.9029,0.0321
ORD0094448,13.291,0.9613
ORD0094449,17.3131,0.3044
ORD0094450,13.8367,0.0048
ORD0094451,13.8238,0.0042
ORD0094452,28.5547,0.1672
ORD0094453,14.0864,0.0086
ORD0094454,13.183,0.0105
ORD0094455,24.0734,0.472
ORD0094456,20.2459,0.2384
ORD0094457,18.5458,0.0407
ORD0094458,18.6193,0.0507
ORD0094459,15.8253,0.8069
ORD0094460,19.0497,0.9562
ORD0094461,15.9889,0.6855
ORD0094462,10.5635,0.1115
ORD0094463,12.2096,0.1297
ORD0094464,13.2535,0.1044
ORD0094465,14.2848,0.102
ORD0094466,15.0168,0.0765
ORD0094467,13.7564,0.1162
ORD0094468,25.1588,0.0202
ORD0094469,24.2169,0.0245
ORD0094470,14.5491,0.2131
ORD0094471,15.0722,0.3437
ORD0094472,17.7133,0.0212
ORD0094473,16.2938,0.0451
ORD0094474,19.5543,0.0391
ORD0094475,14.5483,0.0721
ORD0094476,22.5054,0.0916
ORD0094477,19.1684,0.0319
ORD0094478,12.8826,0.1757
ORD0094479,14.6757,0.0639
ORD0094480,17.6571,0.0825
ORD0094481,11.1781,0.0192
ORD0094482,13.7013,0.3339
ORD0094483,12.2445,0.0987
ORD0094484,10.4636,0.0284
ORD0094485,14.2339,0.8245
ORD0094486,16.7043,0.0083
ORD0094487,17.3541,0.4337
ORD0094488,15.5572,0.1983
ORD0094489,13.3436,0.193
ORD0094490,9.3996,0.0806
ORD0094491,10.4345,0.1153
ORD0094492,7.9454,0.0273
ORD0094493,7.6348,0.0628
ORD0094494,12.1913,0.0767
ORD0094495,12.0708,0.0941
ORD0094496,9.3419,0.1844
ORD0094497,10.8974,0.0013
ORD0094498,9.3593,0.0018
ORD0094499,11.4213,0.143
ORD0094500,10.7686,0.0009
ORD0094501,10.3595,0.0014
ORD0094502,9.4605,0.0028
ORD0094503,9.4103,0.0005
ORD0094504,8.1275,0.0017
ORD0094505,9.7173,0.0019
ORD0094506,10.4328,0.0077
ORD0094507,9.1419,0.0056
ORD0094508,9.5593,0.0356
ORD0094509,8.775,0.0181
ORD0094510,9.0743,0.0629
ORD0094511,8.0089,0.0008
ORD0094512,14.275,0.0029
ORD0094513,21.2885,0.0031
ORD0094514,18.5672,0.0035
ORD0094515,11.4097,0.0064
ORD0094516,12.9235,0.0185
ORD0094517,9.6962,0.0035
ORD0094518,28.3252,0.0014
ORD0094519,81.2664,0.0071
ORD0094520,80.9865,0.0067
ORD0094521,61.1799,0.0028
ORD0094522,52.8784,0.0009
ORD0094523,82.6505,0.0092
ORD0094524,20.3564,0.0121
ORD0094525,15.3189,0.0041
ORD0094526,18.1297,0.0496
ORD0094527,21.6581,0.008
ORD0094528,16.8066,0.0926
ORD0094529,13.6087,0.0016
ORD0094530,19.411,0.5045
ORD0094531,18.9206,0.0595
ORD0094532,15.1971,0.0041
ORD0094533,18.0018,0.2956
ORD0094534,11.223,0.1133
ORD0094535,14.2562,0.5454
ORD0094536,9.4394,0.4345
ORD0094537,22.6314,0.8029
ORD0094538,17.358,0.7197
ORD0094539,16.284,0.1646
ORD0094540,13.1335,0.1978
ORD0094541,15.8238,0.5816
ORD0094542,11.9906,0.6716
ORD0094543,13.6152,0.7319
ORD0094544,10.7342,0.1156
ORD0094545,23.0201,0.2308
ORD0094546,13.8749,0.3761
ORD0094547,11.4163,0.2465
ORD0094548,15.889,0.003
ORD0094549,15.8029,0.02
ORD0094550,17.5448,0.0009
ORD0094551,36.6172,0.0432
ORD0094552,39.5589,0.0035
ORD0094553,16.9376,0.1071
ORD0094554,23.9805,0.0054
ORD0094555,10.2296,0.0086
ORD0094556,9.937,0.002
ORD0094557,10.815,0.1919
ORD0094558,10.1158,0.0222
ORD0094559,12.908,0.1407
ORD0094560,11.5558,0.0118
ORD0094561,14.9747,0.0087
ORD0094562,15.1509,0.0051
ORD0094563,15.7736,0.0249
ORD0094564,16.5177,0.043
ORD0094565,19.5812,0.059
ORD0094566,36.9512,0.4223
ORD0094567,23.0174,0.2281
ORD0094568,13.2487,0.0013
ORD0094569,11.3406,0.0757
ORD0094570,10.6166,0.0066
ORD0094571,12.925,0.0132
ORD0094572,18.7495,0.0022
ORD0094573,22.8748,0.8051
ORD0094574,13.2598,0.024
ORD0094575,24.2299,0.0067
ORD0094576,15.9936,0.0021
ORD0094577,18.3432,0.1034
ORD0094578,12.0103,0.0497
ORD0094579,16.7333,0.2523
ORD0094580,12.4339,0.0065
ORD0094581,20.5209,0.0045
ORD0094582,8.7471,0.0017
ORD0094583,9.7418,0.0235
ORD0094584,16.1706,0.7677
ORD0094585,13.1466,0.0833
ORD0094586,18.2692,0.0077
ORD0094587,21.4736,0.2311
ORD0094588,20.0162,0.0148
ORD0094589,26.7719,0.0013
ORD0094590,26.2334,0.0037
ORD0094591,15.7191,0.0272
ORD0094592,15.4853,0.0565
ORD0094593,18.236,0.0018
ORD0094594,100.7833,0.0007
ORD0094595,28.8506,0.0912
ORD0094596,13.6587,0.0039
ORD0094597,20.101,0.1811
ORD0094598,18.192,0.0221
ORD0094599,17.289,0.0493
ORD0094600,15.271,0.634
ORD0094601,12.3761,0.3916
ORD0094602,19.3085,0.8616
ORD0094603,10.5975,0.0529
ORD0094604,12.6083,0.2581
ORD0094605,15.0673,0.1009
ORD0094606,15.7767,0.1207
ORD0094607,29.4619,0.0138
ORD0094608,14.6388,0.2607
ORD0094609,14.9589,0.0341
ORD0094610,25.8981,0.0299
ORD0094611,20.664,0.0287
ORD0094612,16.8476,0.0751
ORD0094613,68.8616,0.1042
ORD0094614,54.3974,0.0038
ORD0094615,23.456,0.0412
ORD0094616,13.7297,0.059
ORD0094617,16.7394,0.008
ORD0094618,17.6132,0.0287
ORD0094619,13.2417,0.1208
ORD0094620,12.8842,0.0118
ORD0094621,61.4595,0.0078
ORD0094622,9.8209,0.0471
ORD0094623,14.754,0.1414
ORD0094624,18.6608,0.0495
ORD0094625,17.0061,0.0696
ORD0094626,12.3478,0.0233
ORD0094627,11.7824,0.0349
ORD0094628,9.7467,0.1324
ORD0094629,12.4206,0.2187
ORD0094630,33.7278,0.0079
ORD0094631,53.5058,0.0068
ORD0094632,7.9454,0.0268
ORD0094633,10.7405,0.0747
ORD0094634,15.2325,0.0624
ORD0094635,9.4302,0.2392
ORD0094636,11.6333,0.0052
ORD0094637,10.0419,0.0029
ORD0094638,10.9747,0.0015
ORD0094639,10.2358,0.0012
ORD0094640,9.6537,0.0156
ORD0094641,8.5094,0.0026
ORD0094642,9.7931,0.0612
ORD0094643,10.3675,0.006
ORD0094644,9.583,0.1122
ORD0094645,10.7275,0.3456
ORD0094646,8.966,0.0148
ORD0094647,11.8573,0.8205
ORD0094648,8.4791,0.0018
ORD0094649,17.9982,0.0516
ORD0094650,15.1258,0.003
ORD0094651,22.6887,0.0193
ORD0094652,25.3667,0.002
ORD0094653,12.5145,0.3047
ORD0094654,14.8742,0.0071
ORD0094655,18.7798,0.7616
ORD0094656,19.7079,0.0265
ORD0094657,15.3584,0.33
ORD0094658,16.1715,0.0457
ORD0094659,16.5607,0.0863
ORD0094660,18.8771,0.7319
ORD0094661,14.4833,0.0016
ORD0094662,18.0543,0.4245
ORD0094663,17.4113,0.0042
ORD0094664,14.1018,0.0626
ORD0094665,18.6768,0.1984
ORD0094666,15.3773,0.4873
ORD0094667,10.8591,0.0744
ORD0094668,13.1147,0.4175
ORD0094669,22.5074,0.6718
ORD0094670,16.7735,0.724
ORD0094671,16.3014,0.1045
ORD0094672,16.1238,0.1067
ORD0094673,11.2311,0.2566
ORD0094674,10.6011,0.3396
ORD0094675,26.5884,0.794
ORD0094676,18.7549,0.2165
ORD0094677,17.2765,0.9515
ORD0094678,133.869,0.1897
ORD0094679,14.6641,0.009
ORD0094680,11.1533,0.0039
ORD0094681,15.3843,0.0601
ORD0094682,19.589,0.0095
ORD0094683,49.7552,0.2706
ORD0094684,32.98,0.0155
ORD0094685,26.2711,0.6495
ORD0094686,28.6299,0.051
ORD0094687,11.8761,0.6535
ORD0094688,12.1242,0.9638
ORD0094689,12.4304,0.8176
ORD0094690,15.9178,0.9579
ORD0094691,12.4964,0.7582
ORD0094692,15.0716,0.0007
ORD0094693,10.2694,0.1357
ORD0094694,16.0962,0.18
ORD0094695,12.9682,0.0033
ORD0094696,20.0276,0.3519
ORD0094697,19.3806,0.0307
ORD0094698,24.0487,0.722
ORD0094699,28.789,0.3571
ORD0094700,12.266,0.0031
ORD0094701,10.3949,0.0007
ORD0094702,11.2012,0.0089
ORD0094703,15.5726,0.0081
ORD0094704,14.8819,0.0035
ORD0094705,22.8995,0.9429
ORD0094706,17.5861,0.9769
ORD0094707,14.1192,0.6789
ORD0094708,16.6407,0.06
ORD0094709,13.2323,0.0025
ORD0094710,16.3965,0.0012
ORD0094711,22.0482,0.6818
ORD0094712,14.606,0.0083
ORD0094713,13.7634,0.018
ORD0094714,11.6779,0.0036
ORD0094715,27.6533,0.0024
ORD0094716,19.1382,0.0018
ORD0094717,10.8227,0.0273
ORD0094718,9.6506,0.0067
ORD0094719,13.4949,0.102
ORD0094720,11.8523,0.0207
ORD0094721,22.2095,0.2289
ORD0094722,17.98,0.5676
ORD0094723,22.744,0.0207
ORD0094724,31.07,0.0108
ORD0094725,36.4318,0.0054
ORD0094726,13.3134,0.2661
ORD0094727,14.124,0.066
ORD0094728,13.2064,0.0028
ORD0094729,14.9774,0.0023
ORD0094730,23.009,0.0605
ORD0094731,20.9561,0.042
ORD0094732,14.5532,0.0041
ORD0094733,13.0663,0.0047
ORD0094734,26.1469,0.1671
ORD0094735,17.0307,0.0075
ORD0094736,14.728,0.4664
ORD0094737,13.2239,0.0656
ORD0094738,19.1918,0.797
ORD0094739,15.0669,0.2046
ORD0094740,10.5818,0.0504
ORD0094741,11.861,0.0259
ORD0094742,13.1322,0.0971
ORD0094743,17.3194,0.2214
ORD0094744,29.9316,0.0165
ORD0094745,22.2416,0.0149
ORD0094746,14.8487,0.3553
ORD0094747,17.5254,0.0447
ORD0094748,18.2293,0.0302
ORD0094749,15.5247,0.0112
ORD0094750,23.0177,0.0035
ORD0094751,24.1219,0.0554
ORD0094752,25.4871,0.0474
ORD0094753,16.6937,0.0813
ORD0094754,15.0477,0.0466
ORD0094755,16.1855,0.0389
ORD0094756,13.0021,0.0253
ORD0094757,13.7306,0.1438
ORD0094758,11.4787,0.1205
ORD0094759,9.8939,0.0177
ORD0094760,16.5603,0.0759
ORD0094761,18.6079,0.0218
ORD0094762,11.559,0.0231
ORD0094763,11.9181,0.3902
ORD0094764,8.5217,0.0431
ORD0094765,14.3571,0.7838
ORD0094766,9.8458,0.0968
ORD0094767,8.1639,0.0653
ORD0094768,9.9695,0.0986
ORD0094769,15.4735,0.1817
ORD0094770,9.3957,0.2475
ORD0094771,10.2127,0.3667
ORD0094772,9.604,0.0007
ORD0094773,9.9844,0.0538
ORD0094774,12.9122,0.9038
ORD0094775,10.6572,0.0027
ORD0094776,11.2514,0.0012
ORD0094777,11.2026,0.1454
ORD0094778,9.2463,0.0005
ORD0094779,8.243,0.004
ORD0094780,10.0818,0.0015
ORD0094781,10.1105,0.0024
ORD0094782,14.0972,0.5898
ORD0094783,8.6863,0.0043
ORD0094784,11.3311,0.9391
ORD0094785,9.1423,0.0202
ORD0094786,13.7486,0.008
ORD0094787,26.0662,0.0065
ORD0094788,11.4352,0.0261
ORD0094789,14.4189,0.006
ORD0094790,12.9519,0.1351
ORD0094791,10.2778,0.0216
ORD0094792,18.9466,0.0634
ORD0094793,19.0667,0.0131
ORD0094794,22.8596,0.1455
ORD0094795,22.9133,0.0454
ORD0094796,20.6541,0.6114
ORD0094797,17.496,0.1841
ORD0094798,13.1933,0.0024
ORD0094799,12.9555,0.0018
ORD0094800,20.4906,0.9396
ORD0094801,18.8967,0.4752
ORD0094802,16.0168,0.0206
ORD0094803,15.5785,0.0059
ORD0094804,27.195,0.4014
ORD0094805,12.1799,0.2916
ORD0094806,9.416,0.0918
ORD0094807,8.3525,0.063
ORD0094808,11.4268,0.6266
ORD0094809,12.6776,0.5462
ORD0094810,20.8644,0.8447
ORD0094811,19.4854,0.2131
ORD0094812,13.5408,0.2158
ORD0094813,34.1788,0.0412
ORD0094814,13.9169,0.5405
ORD0094815,11.2072,0.2583
ORD0094816,14.4643,0.7774
ORD0094817,18.7815,0.1103
ORD0094818,19.4615,0.1251
ORD0094819,16.202,0.2147
ORD0094820,17.4159,0.1354
ORD0094821,19.2323,0.5716
ORD0094822,19.31,0.3449
ORD0094823,40.9877,0.9148
ORD0094824,43.2178,0.9132
ORD0094825,22.1927,0.9736
ORD0094826,9.4463,0.0011
ORD0094827,9.397,0.0024
ORD0094828,11.3982,0.0015
ORD0094829,14.5658,0.0093
ORD0094830,16.472,0.0059
ORD0094831,28.0684,0.0192
ORD0094832,22.9406,0.0402
ORD0094833,23.3227,0.0585
ORD0094834,21.2768,0.108
ORD0094835,12.4019,0.0026
ORD0094836,9.8979,0.0089
ORD0094837,12.2501,0.0056
ORD0094838,13.4175,0.0021
ORD0094839,13.1929,0.0019
ORD0094840,15.2412,0.2465
ORD0094841,17.0409,0.3458
ORD0094842,12.4236,0.0484
ORD0094843,9.9218,0.5211
ORD0094844,22.7857,0.006
ORD0094845,15.6522,0.1569
ORD0094846,22.4096,0.9152
ORD0094847,11.1943,0.0099
ORD0094848,12.0972,0.0032
ORD0094849,13.8938,0.0176
ORD0094850,20.283,0.0023
ORD0094851,17.6945,0.0016
ORD0094852,10.4376,0.0506
ORD0094853,14.3589,0.0862
ORD0094854,12.7806,0.0079
ORD0094855,16.9148,0.1626
ORD0094856,18.9608,0.0304
ORD0094857,15.9743,0.5786
ORD0094858,14.8349,0.0996
ORD0094859,21.6682,0.0064
ORD0094860,12.9472,0.676
ORD0094861,12.223,0.2118
ORD0094862,17.2864,0.0029
ORD0094863,23.4336,0.0925
ORD0094864,19.1223,0.0201
ORD0094865,11.8084,0.0048
ORD0094866,19.8049,0.2202
ORD0094867,18.8821,0.011
ORD0094868,18.1976,0.0284
ORD0094869,21.5325,0.0033
ORD0094870,15.2082,0.6281
ORD0094871,12.4034,0.0708
ORD0094872,17.7954,0.7987
ORD0094873,14.8845,0.1467
ORD0094874,10.4274,0.0782
ORD0094875,21.8726,0.0013
ORD0094876,24.3013,0.0081
ORD0094877,10.9611,0.0549
ORD0094878,13.4045,0.0195
ORD0094879,13.7128,0.0862
ORD0094880,12.0189,0.0193
ORD0094881,25.642,0.0169
ORD0094882,14.6153,0.1911
ORD0094883,13.5555,0.0581
ORD0094884,24.6891,0.0177
ORD0094885,22.9889,0.014
ORD0094886,17.8943,0.036
ORD0094887,20.052,0.0324
ORD0094888,24.2312,0.8201
ORD0094889,11.9442,0.061
ORD0094890,13.6579,0.0222
ORD0094891,15.0788,0.4802
ORD0094892,14.0252,0.1115
ORD0094893,15.9632,0.8781
ORD0094894,9.6543,0.0092
ORD0094895,14.1289,0.0112
ORD0094896,13.8795,0.379
ORD0094897,10.4502,0.0447
ORD0094898,9.8016,0.0035
ORD0094899,10.2928,0.0776
ORD0094900,8.8309,0.0102
ORD0094901,8.8332,0.0313
ORD0094902,7.5493,0.0279
ORD0094903,13.1241,0.0316
ORD0094904,9.9771,0.0709
ORD0094905,9.4666,0.1066
ORD0094906,9.4242,0.2141
ORD0094907,10.4799,0.006
ORD0094908,11.0737,0.0014
ORD0094909,10.6807,0.0009
ORD0094910,9.5945,0.0182
ORD0094911,10.1891,0.0027
ORD0094912,8.2215,0.002
ORD0094913,8.0722,0.0017
ORD0094914,9.6593,0.0707
ORD0094915,9.638,0.1679
ORD0094916,11.6884,0.3588
ORD0094917,9.0922,0.0043
ORD0094918,8.9284,0.003
ORD0094919,14.9622,0.2415
ORD0094920,15.5672,0.1172
ORD0094921,21.1182,0.09
ORD0094922,12.0705,0.7744
ORD0094923,14.7493,0.2678
ORD0094924,15.7861,0.9402
ORD0094925,12.3901,0.7769
ORD0094926,19.5907,0.0149
ORD0094927,18.4903,0.1805
ORD0094928,19.5825,0.049
ORD0094929,17.339,0.1499
ORD0094930,17.8808,0.593
ORD0094931,12.945,0.0019
ORD0094932,12.3325,0.0103
ORD0094933,19.2255,0.5796
ORD0094934,15.9807,0.0092
ORD0094935,14.3118,0.0653
ORD0094936,85.985,0.0021
ORD0094937,20.5748,0.002
ORD0094938,14.0163,0.2458
ORD0094939,12.2107,0.0719
ORD0094940,8.1121,0.0382
ORD0094941,13.3351,0.5031
ORD0094942,22.466,0.7232
ORD0094943,14.5133,0.114
ORD0094944,12.0334,0.1002
ORD0094945,10.7273,0.1715
ORD0094946,12.5012,0.5192
ORD0094947,10.9262,0.3876
ORD0094948,9.7023,0.0689
ORD0094949,16.1827,0.2204
ORD0094950,15.2363,0.393
ORD0094951,12.7335,0.7614
ORD0094952,36.2686,0.1292
ORD0094953,17.1987,0.0031
ORD0094954,12.0664,0.0069
ORD0094955,15.5072,0.0156
ORD0094956,35.9171,0.0378
ORD0094957,27.9192,0.0352
ORD0094958,19.2674,0.1186
ORD0094959,21.4733,0.0933
ORD0094960,10.7354,0.0291
ORD0094961,10.9154,0.171
ORD0094962,11.2241,0.3186
ORD0094963,11.9151,0.2651
ORD0094964,12.7256,0.2532
ORD0094965,15.6945,0.0348
ORD0094966,10.6898,0.0016
ORD0094967,18.8118,0.2148
ORD0094968,16.5263,0.0038
ORD0094969,23.422,0.2322
ORD0094970,11.2565,0.0007
ORD0094971,10.99,0.0493
ORD0094972,12.6003,0.0036
ORD0094973,10.5146,0.0016
ORD0094974,15.2775,0.0007
ORD0094975,13.5729,0.295
ORD0094976,18.0748,0.9645
ORD0094977,13.8382,0.0515
ORD0094978,12.0488,0.9639
ORD0094979,12.2615,0.8109
ORD0094980,18.3466,0.0019
ORD0094981,14.0022,0.0025
ORD0094982,54.6349,0.0376
ORD0094983,51.774,0.0042
ORD0094984,61.187,0.0041
ORD0094985,11.0146,0.007
ORD0094986,10.6945,0.0025
ORD0094987,12.2214,0.0526
ORD0094988,10.1477,0.0044
ORD0094989,21.158,0.0029
ORD0094990,19.6351,0.0023
ORD0094991,12.9226,0.1338
ORD0094992,10.3307,0.044
ORD0094993,13.4566,0.4232
ORD0094994,11.7175,0.1467
ORD0094995,19.3986,0.826
ORD0094996,18.4876,0.3333
ORD0094997,16.4634,0.9625
ORD0094998,14.6158,0.8203
ORD0094999,23.6372,0.0437
ORD0095000,27.0237,0.0138
ORD0095001,12.4198,0.9434
ORD0095002,13.1295,0.0121
ORD0095003,15.0966,0.0052
ORD0095004,27.1889,0.2013
ORD0095005,21.1236,0.2311
ORD0095006,16.0105,0.0079
ORD0095007,13.39,0.0116
ORD0095008,21.3287,0.7099
ORD0095009,21.5781,0.6606
ORD0095010,15.4067,0.0679
ORD0095011,15.6541,0.0375
ORD0095012,16.8883,0.9266
ORD0095013,13.2474,0.8504
ORD0095014,16.8473,0.9621
ORD0095015,18.6294,0.9358
ORD0095016,10.7839,0.14
ORD0095017,9.8052,0.1007
ORD0095018,42.1689,0.0007
ORD0095019,12.7985,0.1098
ORD0095020,14.7712,0.0733
ORD0095021,16.7953,0.2222
ORD0095022,13.0395,0.1098
ORD0095023,27.4882,0.0246
ORD0095024,19.6704,0.0231
ORD0095025,14.1247,0.2595
ORD0095026,17.6548,0.0609
ORD0095027,17.1581,0.1304
ORD0095028,14.4993,0.0597
ORD0095029,19.1817,0.1074
ORD0095030,18.4268,0.0428
ORD0095031,12.0062,0.2264
ORD0095032,15.4192,0.0666
ORD0095033,15.6262,0.0896
ORD0095034,11.1076,0.0336
ORD0095035,14.912,0.4744
ORD0095036,10.0312,0.1205
ORD0095037,9.7008,0.1692
ORD0095038,11.2635,0.1345
ORD0095039,15.237,0.1024
ORD0095040,14.1485,0.0664
ORD0095041,13.1644,0.0594
ORD0095042,12.5348,0.032
ORD0095043,8.3143,0.0031
ORD0095044,7.4439,0.0021
ORD0095045,11.008,0.4306
ORD0095046,9.2,0.2425
ORD0095047,7.322,0.0914
ORD0095048,8.3272,0.4532
ORD0095049,10.7827,0.2479
ORD0095050,10.1522,0.508
ORD0095051,12.4231,0.7341
ORD0095052,9.4869,0.0031
ORD0095053,10.8319,0.0008
ORD0095054,9.2108,0.0061
ORD0095055,9.5289,0.0015
ORD0095056,8.3073,0.0017
ORD0095057,8.5955,0.0004
ORD0095058,8.911,0.01
ORD0095059,9.1123,0.0018
ORD0095060,9.2112,0.0601
ORD0095061,9.1104,0.0023
ORD0095062,9.8161,0.1524
ORD0095063,9.0062,0.0022
ORD0095064,7.8434,0.0009
ORD0095065,11.5502,0.0184
ORD0095066,15.4516,0.0898
ORD0095067,17.9991,0.0145
ORD0095068,22.8268,0.0435
ORD0095069,9.9235,0.082
ORD0095070,11.841,0.555
ORD0095071,16.8749,0.3835
ORD0095072,19.894,0.0315
ORD0095073,17.8239,0.122
ORD0095074,19.7888,0.1917
ORD0095075,20.2973,0.421
ORD0095076,18.684,0.6633
ORD0095077,11.9774,0.0023
ORD0095078,13.7061,0.0571
ORD0095079,19.4494,0.8776
ORD0095080,22.9821,0.9618
ORD0095081,15.3018,0.0112
ORD0095082,17.6443,0.2596
ORD0095083,13.5128,0.3504
ORD0095084,7.9076,0.0709
ORD0095085,8.7816,0.0807
ORD0095086,11.5093,0.4358
ORD0095087,10.5623,0.6314
ORD0095088,23.0146,0.6873
ORD0095089,18.341,0.8131
ORD0095090,12.199,0.1104
ORD0095091,9.5279,0.2018
ORD0095092,11.9898,0.2264
ORD0095093,10.8622,0.3538
ORD0095094,21.4043,0.5384
ORD0095095,15.2667,0.2218
ORD0095096,16.4242,0.7709
ORD0095097,13.1898,0.4023
ORD0095098,13.6539,0.003
ORD0095099,12.4835,0.1913
ORD0095100,15.5592,0.0111
ORD0095101,31.9209,0.0231
ORD0095102,17.5441,0.0582
ORD0095103,9.4238,0.0011
ORD0095104,10.0392,0.0018
ORD0095105,9.9574,0.0025
ORD0095106,10.9868,0.0012
ORD0095107,11.3661,0.0026
ORD0095108,15.4865,0.0025
ORD0095109,13.1564,0.481
ORD0095110,13.9246,0.022
ORD0095111,13.4624,0.0012
ORD0095112,19.3311,0.2091
ORD0095113,25.4896,0.5309
ORD0095114,15.9066,0.0059
ORD0095115,14.2645,0.0019
ORD0095116,12.7862,0.0717
ORD0095117,16.4989,0.0034
ORD0095118,19.6691,0.8205
ORD0095119,16.3855,0.3443
ORD0095120,15.7629,0.9921
ORD0095121,12.9004,0.9777
ORD0095122,17.7326,0.0065
ORD0095123,14.0105,0.0009
ORD0095124,16.7378,0.0055
ORD0095125,21.9356,0.9765
ORD0095126,12.1068,0.006
ORD0095127,11.2625,0.0014
ORD0095128,14.8137,0.0179
ORD0095129,18.3975,0.0023
ORD0095130,19.0539,0.1452
ORD0095131,9.4301,0.0017
ORD0095132,11.8866,0.0117
ORD0095133,18.2664,0.2659
ORD0095134,16.5932,0.7224
ORD0095135,18.7607,0.0075
ORD0095136,26.6392,0.0063
ORD0095137,32.9156,0.0008
ORD0095138,13.6271,0.8568
ORD0095139,13.8961,0.0191
ORD0095140,12.5754,0.0028
ORD0095141,63.021,0.0035
ORD0095142,40.3614,0.0939
ORD0095143,20.1236,0.0007
ORD0095144,21.7149,0.0378
ORD0095145,18.1586,0.1369
ORD0095146,13.6401,0.0033
ORD0095147,11.6466,0.0479
ORD0095148,23.3108,0.1234
ORD0095149,20.663,0.357
ORD0095150,16.3745,0.014
ORD0095151,13.1918,0.393
ORD0095152,18.7872,0.7791
ORD0095153,10.2898,0.0414
ORD0095154,12.3168,0.1112
ORD0095155,13.035,0.1132
ORD0095156,13.9641,0.2342
ORD0095157,13.43,0.1156
ORD0095158,30.6038,0.0195
ORD0095159,21.8182,0.0171
ORD0095160,15.6428,0.4523
ORD0095161,14.7691,0.3194
ORD0095162,20.2047,0.0442
ORD0095163,19.4177,0.0356
ORD0095164,18.8627,0.1144
ORD0095165,13.9156,0.069
ORD0095166,18.7276,0.0314
ORD0095167,11.4231,0.0545
ORD0095168,15.4092,0.0172
ORD0095169,11.8861,0.0887
ORD0095170,10.0013,0.0097
ORD0095171,15.6847,0.0037
ORD0095172,13.1937,0.26
ORD0095173,11.3701,0.0315
ORD0095174,10.4502,0.0611
ORD0095175,7.6873,0.0548
ORD0095176,12.2977,0.0685
ORD0095177,8.4209,0.1122
ORD0095178,7.9654,0.0696
ORD0095179,7.9543,0.192
ORD0095180,16.2557,0.2001
ORD0095181,9.5916,0.3418
ORD0095182,10.0888,0.3847
ORD0095183,11.1905,0.0031
ORD0095184,9.2266,0.0011
ORD0095185,10.5036,0.001
ORD0095186,9.1222,0.0037
ORD0095187,8.2626,0.002
ORD0095188,9.1013,0.0077
ORD0095189,8.8416,0.0011
ORD0095190,8.9288,0.0391
ORD0095191,9.478,0.0021
ORD0095192,11.6331,0.1615
ORD0095193,8.7557,0.0021
ORD0095194,8.5342,0.0017
ORD0095195,9.9906,0.0011
ORD0095196,16.0574,0.0087
ORD0095197,15.5472,0.6974
ORD0095198,23.7886,0.0036
ORD0095199,22.5771,0.6154
ORD0095200,10.0759,0.0269
ORD0095201,14.3331,0.1145
ORD0095202,13.498,0.9165
ORD0095203,36.6457,0.0006
ORD0095204,100.0133,0.0094
ORD0095205,18.9081,0.043
ORD0095206,18.271,0.2843
ORD0095207,17.8707,0.1624
ORD0095208,21.3037,0.7578
ORD0095209,12.1753,0.0034
ORD0095210,11.7725,0.0086
ORD0095211,20.7413,0.9648
ORD0095212,21.3947,0.5927
ORD0095213,14.4726,0.0232
ORD0095214,15.6505,0.0489
ORD0095215,14.9132,0.3946
ORD0095216,13.7612,0.1883
ORD0095217,9.2393,0.1174
ORD0095218,8.3153,0.0771
ORD0095219,11.7589,0.6183
ORD0095220,9.8778,0.2455
ORD0095221,23.0935,0.8156
ORD0095222,13.5559,0.6243
ORD0095223,13.5797,0.1871
ORD0095224,11.8713,0.5764
ORD0095225,10.4267,0.1028
ORD0095226,12.326,0.7199
ORD0095227,10.3065,0.1258
ORD0095228,16.4612,0.284
ORD0095229,12.921,0.2009
ORD0095230,15.3565,0.4101
ORD0095231,12.2744,0.3633
ORD0095232,57.7509,0.1136
ORD0095233,16.4602,0.0046
ORD0095234,13.2814,0.1895
ORD0095235,13.4995,0.0307
ORD0095236,20.2357,0.6515
ORD0095237,44.8488,0.0805
ORD0095238,21.0319,0.298
ORD0095239,24.6533,0.9017
ORD0095240,25.1744,0.0015
ORD0095241,10.515,0.0166
ORD0095242,10.5297,0.0015
ORD0095243,11.2241,0.3186
ORD0095244,9.4479,0.0039
ORD0095245,13.0558,0.2733
ORD0095246,11.3643,0.0023
ORD0095247,14.387,0.0299
ORD0095248,13.2958,0.0529
ORD0095249,16.3685,0.0511
ORD0095250,11.7714,0.0101
ORD0095251,22.7415,0.3555
ORD0095252,18.8408,0.448
ORD0095253,27.1792,0.6975
ORD0095254,12.7646,0.0022
ORD0095255,10.3648,0.002
ORD0095256,12.8861,0.1341
ORD0095257,11.4569,0.0225
ORD0095258,17.2361,0.0039
ORD0095259,12.2062,0.0024
ORD0095260,13.432,0.3261
ORD0095261,18.5521,0.7088
ORD0095262,14.8505,0.8359
ORD0095263,18.2254,0.0131
ORD0095264,13.7003,0.0058
ORD0095265,20.2201,0.9719
ORD0095266,21.0094,0.9709
ORD0095267,57.0086,0.0094
ORD0095268,78.0759,0.9656
ORD0095269,58.2304,0.0145
ORD0095270,50.0567,0.0055
ORD0095271,29.1637,0.0039
ORD0095272,45.4846,0.001
ORD0095273,13.9465,0.0041
ORD0095274,10.6298,0.0312
ORD0095275,14.4912,0.0207
ORD0095276,13.9602,0.1509
ORD0095277,23.319,0.0023
ORD0095278,16.69,0.0029
ORD0095279,10.5224,0.081
ORD0095280,12.8183,0.0576
ORD0095281,21.8298,0.3422
ORD0095282,19.0453,0.4718
ORD0095283,16.2136,0.7559
ORD0095284,25.4656,0.0291
ORD0095285,13.0026,0.3188
ORD0095286,15.6327,0.8942
ORD0095287,16.1229,0.0137
ORD0095288,16.544,0.0336
ORD0095289,28.914,0.099
ORD0095290,14.2393,0.005
ORD0095291,13.3485,0.0034
ORD0095292,22.8807,0.3277
ORD0095293,18.2347,0.0586
ORD0095294,15.6855,0.0328
ORD0095295,17.1499,0.007
ORD0095296,15.311,0.7445
ORD0095297,20.0433,0.9411
ORD0095298,14.3304,0.0902
ORD0095299,9.5837,0.0818
ORD0095300,8.949,0.0301
ORD0095301,15.3423,0.4619
ORD0095302,13.7796,0.1116
ORD0095303,20.2096,0.8034
ORD0095304,13.6106,0.1662
ORD0095305,29.5094,0.0722
ORD0095306,23.7441,0.0212
ORD0095307,20.2734,0.9521
ORD0095308,16.8853,0.3865
ORD0095309,22.4903,0.1657
ORD0095310,15.5374,0.0628
ORD0095311,16.5339,0.2684
ORD0095312,14.7274,0.072
ORD0095313,22.5588,0.0414
ORD0095314,22.4177,0.0386
ORD0095315,12.1519,0.0447
ORD0095316,15.7661,0.0467
ORD0095317,18.2442,0.02
ORD0095318,11.5019,0.0353
ORD0095319,13.7669,0.082
ORD0095320,10.826,0.056
ORD0095321,9.7282,0.0455
ORD0095322,14.1122,0.4193
ORD0095323,16.1487,0.1793
ORD0095324,19.1107,0.1666
ORD0095325,13.5344,0.0157
ORD0095326,14.4498,0.0846
ORD0095327,8.1026,0.0677
ORD0095328,11.1944,0.1471
ORD0095329,7.75,0.029
ORD0095330,7.4883,0.0331
ORD0095331,10.8922,0.0678
ORD0095332,9.8277,0.0778
ORD0095333,9.3601,0.2148
ORD0095334,10.2457,0.0567
ORD0095335,8.7192,0.0029
ORD0095336,11.227,0.0019
ORD0095337,10.7192,0.0012
ORD0095338,9.7038,0.108
ORD0095339,10.4362,0.0073
ORD0095340,8.3309,0.0056
ORD0095341,8.9443,0.0021
ORD0095342,11.0628,0.4662
ORD0095343,9.2505,0.0321
ORD0095344,12.7313,0.8282
ORD0095345,10.1738,0.1124
ORD0095346,11.5415,0.8209
ORD0095347,9.6729,0.1678
ORD0095348,8.7954,0.0158
ORD0095349,11.9249,0.0031
ORD0095350,14.8457,0.0026
ORD0095351,15.5869,0.0032
ORD0095352,9.6513,0.0056
ORD0095353,14.3002,0.0296
ORD0095354,10.2983,0.0045
ORD0095355,26.9835,0.0013
ORD0095356,62.3428,0.0059
ORD0095357,58.3259,0.0059
ORD0095358,51.9869,0.0036
ORD0095359,61.3619,0.001
ORD0095360,99.5988,0.239
ORD0095361,46.0865,0.0007
ORD0095362,18.325,0.0109
ORD0095363,10.6224,0.0021
ORD0095364,17.6627,0.0366
ORD0095365,23.0102,0.0114
ORD0095366,18.3765,0.1468
ORD0095367,12.945,0.0016
ORD0095368,18.6494,0.4607
ORD0095369,17.5451,0.0598
ORD0095370,14.1999,0.0028
ORD0095371,17.0549,0.3885
ORD0095372,9.9352,0.067
ORD0095373,12.806,0.5467
ORD0095374,12.7536,0.6095
ORD0095375,21.0259,0.8379
ORD0095376,26.344,0.8705
ORD0095377,12.6786,0.1845
ORD0095378,13.512,0.3788
ORD0095379,12.552,0.5915
ORD0095380,13.4142,0.1798
ORD0095381,13.2839,0.8045
ORD0095382,10.9006,0.5591
ORD0095383,22.6659,0.3674
ORD0095384,14.0779,0.4215
ORD0095385,12.0242,0.3735
ORD0095386,16.3129,0.0064
ORD0095387,15.2596,0.0819
ORD0095388,18.7314,0.0022
ORD0095389,41.6855,0.1192
ORD0095390,37.7399,0.0077
ORD0095391,21.6328,0.4369
ORD0095392,22.4155,0.0178
ORD0095393,10.3801,0.0025
ORD0095394,10.0455,0.0015
ORD0095395,9.9299,0.0269
ORD0095396,8.9537,0.0035
ORD0095397,12.4456,0.0152
ORD0095398,11.3643,0.002
ORD0095399,15.1041,0.009
ORD0095401,17.924,0.0068
ORD0095402,16.9207,0.0425
ORD0095403,26.1601,0.0201
ORD0095404,32.7146,0.0598
ORD0095405,22.495,0.4313
ORD0095406,14.8251,0.002
ORD0095408,10.6683,0.0044
ORD0095409,13.7095,0.0249
ORD0095410,14.7189,0.0029
ORD0095411,17.6639,0.0473
ORD0095412,14.9168,0.2181
ORD0095413,18.9466,0.0037
ORD0095414,16.0094,0.0175
ORD0095415,20.9618,0.5281
ORD0095416,92.7261,0.0069
ORD0095417,12.0972,0.0037
ORD0095418,16.0422,0.0075
ORD0095419,12.5987,0.0136
ORD0095420,21.4518,0.0018
ORD0095421,10.2799,0.0091
ORD0095422,10.0193,0.0288
ORD0095423,15.064,0.0311
ORD0095424,13.3021,0.1086
ORD0095425,17.4946,0.0224
ORD0095426,21.4355,0.4437
ORD0095427,18.6405,0.186
ORD0095428,26.3914,0.0046
ORD0095429,29.0907,0.0041
ORD0095430,15.9793,0.4432
ORD0095431,12.552,0.0019
ORD0095432,17.9811,0.002
ORD0095433,18.8904,0.0378
ORD0095434,13.9188,0.004
ORD0095435,26.1469,0.1264
ORD0095436,20.1171,0.0141
ORD0095437,18.2182,0.0034
ORD0095438,14.3137,0.42
ORD0095439,11.0811,0.038
ORD0095440,18.2157,0.7965
ORD0095441,9.082,0.02
ORD0095442,13.4498,0.0313
ORD0095443,15.0799,0.0969
ORD0095444,16.7953,0.1683
ORD0095445,24.2779,0.0162
ORD0095446,14.4834,0.3042
ORD0095447,16.3373,0.4725
ORD0095448,25.077,0.0302
ORD0095449,23.7328,0.3188
ORD0095450,20.4818,0.0691
ORD0095451,58.8242,0.1443
ORD0095452,51.8306,0.0095
ORD0095453,31.3905,0.2044
ORD0095454,13.6546,0.2637
ORD0095455,15.7494,0.0062
ORD0095456,17.3503,0.085
ORD0095457,12.3155,0.5931
ORD0095458,15.4319,0.0773
ORD0095459,45.8307,0.0047
ORD0095460,13.4222,0.1804
ORD0095461,9.9769,0.1662
ORD0095462,16.1245,0.1008
ORD0095463,17.2785,0.0957
ORD0095464,13.8981,0.0324
ORD0095465,14.5403,0.0453
ORD0095466,8.5377,0.0037
ORD0095467,11.2706,0.3142
ORD0095468,29.4573,0.0075
ORD0095469,51.4931,0.0121
ORD0095470,12.1136,0.0695
ORD0095471,13.5784,0.1681
ORD0095472,15.3891,0.1993
ORD0095473,9.5916,0.3198
ORD0095474,11.0855,0.002
ORD0095475,9.2695,0.0019
ORD0095476,11.3549,0.0022
ORD0095477,10.8148,0.0008
ORD0095478,9.7833,0.0026
ORD0095479,9.1183,0.0006
ORD0095480,9.7068,0.0058
ORD0095481,9.9855,0.0028
ORD0095482,10.7841,0.0173
ORD0095483,9.1344,0.0733
ORD0095484,8.7093,0.0043
ORD0095485,8.2502,0.0011
ORD0095486,8.5358,0.0014
ORD0095487,18.6138,0.0044
ORD0095488,16.6815,0.0048
ORD0095489,23.99,0.0024
ORD0095490,27.0905,0.0048
ORD0095491,9.7617,0.0065
ORD0095492,9.5159,0.0087
ORD0095493,17.1155,0.0607
ORD0095494,21.6649,0.0121
ORD0095495,15.4017,0.0161
ORD0095496,18.464,0.0501
ORD0095497,17.288,0.1107
ORD0095498,19.3125,0.1681
ORD0095499,15.0556,0.0016
ORD0095500,19.0018,0.5459
ORD0095501,15.6924,0.0123
ORD0095502,13.5115,0.0102
ORD0095503,21.882,0.4442
ORD0095504,13.4497,0.0099
ORD0095505,13.1597,0.1362
ORD0095506,14.4696,0.656
ORD0095507,22.7486,0.8708
ORD0095508,14.5483,0.0236
ORD0095509,16.5423,0.2461
ORD0095510,14.3206,0.1383
ORD0095511,11.47,0.2665
ORD0095512,10.7747,0.349
ORD0095513,20.3769,0.5906
ORD0095514,17.0272,0.1959
ORD0095515,14.6553,0.8622
ORD0095516,17.0186,0.0074
ORD0095517,13.0699,0.0284
ORD0095518,16.8581,0.0582
ORD0095519,16.3952,0.1786
ORD0095520,49.8206,0.1851
ORD0095521,43.31,0.5062
ORD0095522,22.4379,0.4476
ORD0095523,25.3346,0.8025
ORD0095524,10.0138,0.0016
ORD0095525,11.4607,0.0048
ORD0095526,10.9405,0.0025
ORD0095527,12.8455,0.0029
ORD0095528,9.7822,0.0012
ORD0095529,12.4047,0.0149
ORD0095530,16.4481,0.5715
ORD0095531,17.5007,0.0095
ORD0095532,12.6997,0.0047
ORD0095533,19.6478,0.0311
ORD0095534,28.1377,0.1726
ORD0095535,23.1533,0.1622
ORD0095536,24.6255,0.8284
ORD0095537,14.8953,0.0027
ORD0095538,12.2079,0.0075
ORD0095540,14.0607,0.0034
ORD0095541,12.7478,0.0017
ORD0095542,14.9056,0.1169
ORD0095543,15.1392,0.4338
ORD0095544,13.6575,0.5478
ORD0095545,16.604,0.0044
ORD0095546,15.6161,0.004
ORD0095547,19.634,0.7342
ORD0095548,20.049,0.9905
ORD0095549,13.0305,0.0026
ORD0095550,15.281,0.0094
ORD0095551,10.7633,0.0098
ORD0095552,27.8134,0.0022
ORD0095553,19.1314,0.0024
ORD0095554,9.6381,0.0303
ORD0095555,10.0243,0.0015
ORD0095556,11.5913,0.1489
ORD0095557,13.8564,0.0028
ORD0095558,22.9854,0.6046
ORD0095559,16.7678,0.1416
ORD0095560,15.289,0.01
ORD0095561,32.6926,0.0437
ORD0095562,33.7985,0.0009
ORD0095563,16.2444,0.4756
ORD0095564,14.5621,0.0218
ORD0095565,17.0015,0.0125
ORD0095566,13.6217,0.0064
ORD0095567,91.5645,0.0007
ORD0095568,30.8421,0.0456
ORD0095569,23.3943,0.0312
ORD0095570,15.7675,0.0019
ORD0095571,12.9769,0.0055
ORD0095572,28.6879,0.1106
ORD0095573,19.2102,0.0091
ORD0095574,13.9529,0.4556
ORD0095575,11.8527,0.0831
ORD0095576,19.1795,0.7026
ORD0095577,15.3661,0.2259
ORD0095578,11.3433,0.0339
ORD0095579,11.6223,0.0179
ORD0095580,14.1933,0.2331
ORD0095581,15.4937,0.4223
ORD0095582,31.2854,0.0568
ORD0095583,25.4967,0.0417
ORD0095584,18.8141,0.6844
ORD0095585,21.1456,0.0825
ORD0095586,17.1406,0.1993
ORD0095587,18.1711,0.041
ORD0095588,34.5665,0.0648
ORD0095589,20.66,0.0433
ORD0095590,13.259,0.1041
ORD0095591,14.0915,0.0607
ORD0095592,14.8305,0.0476
ORD0095593,11.2536,0.045
ORD0095594,14.2445,0.1661
ORD0095595,11.4674,0.0771
ORD0095596,15.1699,0.147
ORD0095597,18.2701,0.6241
ORD0095598,15.5517,0.0598
ORD0095599,14.2818,0.046
ORD0095600,11.3357,0.1686
ORD0095601,9.2409,0.2377
ORD0095602,12.3834,0.318
ORD0095603,13.7639,0.676
ORD0095604,25.0877,0.0028
ORD0095605,6.6836,0.038
ORD0095606,14.1739,0.0737
ORD0095607,11.026,0.0534
ORD0095608,9.4408,0.2322
ORD0095609,9.1791,0.1258
ORD0095610,9.3922,0.0029
ORD0095611,9.7552,0.0024
ORD0095612,11.4977,0.0019
ORD0095613,10.1721,0.0008
ORD0095614,9.8737,0.0053
ORD0095615,9.712,0.0041
ORD0095616,9.0727,0.0021
ORD0095617,8.5358,0.0013
ORD0095618,9.3323,0.0232
ORD0095619,9.3778,0.0882
ORD0095620,9.1879,0.0112
ORD0095621,9.9139,0.1928
ORD0095622,11.9313,0.7809
ORD0095623,9.5586,0.002
ORD0095624,14.0207,0.0956
ORD0095625,21.9549,0.0487
ORD0095626,14.076,0.6318
ORD0095627,12.9176,0.0008
ORD0095628,14.773,0.8976
ORD0095629,9.9301,0.0007
ORD0095630,18.7192,0.0342
ORD0095631,19.1885,0.013
ORD0095632,17.7314,0.1832
ORD0095633,17.8015,0.0085
ORD0095634,19.1218,0.6639
ORD0095635,15.0561,0.1239
ORD0095636,12.3191,0.0032
ORD0095637,11.2642,0.0008
ORD0095638,19.5319,0.9439
ORD0095639,17.6937,0.4407
ORD0095640,13.6698,0.0309
ORD0095641,18.5928,0.0039
ORD0095642,21.7102,0.0067
ORD0095643,19.4502,0.2498
ORD0095644,15.763,0.3979
ORD0095645,8.6059,0.0429
ORD0095646,8.4641,0.1313
ORD0095647,12.4482,0.4434
ORD0095648,10.5749,0.6482
ORD0095649,23.1887,0.6842
ORD0095650,15.3418,0.1198
ORD0095651,12.3066,0.2701
ORD0095652,27.8679,0.0171
ORD0095653,16.7299,0.1615
ORD0095654,11.4283,0.3362
ORD0095655,13.5013,0.3569
ORD0095656,20.6125,0.485
ORD0095657,17.6016,0.3605
ORD0095658,17.7766,0.7241
ORD0095659,16.0035,0.0035
ORD0095660,15.762,0.0176
ORD0095661,17.8111,0.0031
ORD0095662,45.1893,0.0299
ORD0095663,34.027,0.0122
ORD0095664,20.0828,0.0859
ORD0095665,9.7822,0.0013
ORD0095666,9.4919,0.0051
ORD0095667,11.2292,0.0031
ORD0095668,15.644,0.0115
ORD0095669,17.4449,0.0623
ORD0095670,24.354,0.2012
ORD0095671,17.5611,0.061
ORD0095672,29.452,0.64
ORD0095673,20.3406,0.1878
ORD0095674,14.2197,0.0027
ORD0095675,10.4857,0.0027
ORD0095676,11.8269,0.0055
ORD0095677,15.5633,0.0042
ORD0095678,14.7989,0.003
ORD0095679,21.4581,0.8975
ORD0095680,15.9214,0.3409
ORD0095681,13.2111,0.0656
ORD0095682,12.5278,0.9756
ORD0095683,16.2488,0.0209
ORD0095684,17.9342,0.1683
ORD0095685,25.8061,0.8062
ORD0095686,12.1912,0.0181
ORD0095687,12.2032,0.0042
ORD0095688,11.647,0.0915
ORD0095689,20.0,0.0072
ORD0095690,19.3905,0.0023
ORD0095691,10.3369,0.0099
ORD0095692,13.9565,0.0684
ORD0095693,13.7521,0.0142
ORD0095694,18.3113,0.4838
ORD0095695,18.7452,0.075
ORD0095696,16.2858,0.1557
ORD0095697,15.7559,0.1876
ORD0095698,32.0491,0.0043
ORD0095699,14.2305,0.4312
ORD0095700,14.8882,0.6112
ORD0095701,16.7408,0.0017
ORD0095702,29.1447,0.0573
ORD0095703,19.1631,0.0368
ORD0095704,15.3933,0.0043
ORD0095705,19.9879,0.1642
ORD0095706,17.6979,0.1537
ORD0095707,16.3911,0.0095
ORD0095708,19.6048,0.0116
ORD0095709,15.7439,0.4255
ORD0095710,12.3362,0.339
ORD0095711,18.0505,0.7842
ORD0095712,16.6928,0.7023
ORD0095713,9.4348,0.05
ORD0095714,25.382,0.0018
ORD0095715,26.07,0.0037
ORD0095716,13.6401,0.227
ORD0095717,14.3452,0.0821
ORD0095718,17.7033,0.4112
ORD0095719,13.2623,0.0749
ORD0095720,26.3434,0.0355
ORD0095721,19.9994,0.6776
ORD0095722,14.1012,0.2329
ORD0095723,19.6917,0.0949
ORD0095724,22.7102,0.0859
ORD0095725,17.0573,0.1883
ORD0095726,21.953,0.0613
ORD0095727,18.5924,0.0283
ORD0095728,13.411,0.0957
ORD0095729,11.9723,0.0491
ORD0095730,10.9226,0.0174
ORD0095731,12.955,0.1694
ORD0095732,13.384,0.0484
ORD0095733,12.2255,0.1235
ORD0095734,19.0697,0.0648
ORD0095735,12.3074,0.0233
ORD0095736,11.4224,0.2493
ORD0095737,9.1622,0.126
ORD0095738,12.8886,0.6087
ORD0095739,10.2531,0.3575
ORD0095740,7.0575,0.0705
ORD0095741,7.0994,0.1232
ORD0095742,11.2593,0.1771
ORD0095743,10.3461,0.2729
ORD0095744,9.5399,0.3072
ORD0095745,9.5573,0.371
ORD0095746,9.6445,0.0065
ORD0095747,10.6559,0.0013
ORD0095748,10.8092,0.0012
ORD0095749,11.345,0.0319
ORD0095750,9.4233,0.0056
ORD0095751,8.6715,0.0021
ORD0095752,9.0707,0.0029
ORD0095753,9.1453,0.0572
ORD0095754,9.9268,0.2354
ORD0095755,11.1513,0.3544
ORD0095756,8.9572,0.0126
ORD0095757,8.6553,0.004
ORD0095758,15.3142,0.0031
ORD0095759,15.0441,0.0014
ORD0095760,19.5078,0.002
ORD0095761,10.6342,0.0042
ORD0095762,11.431,0.003
ORD0095763,14.8203,0.0111
ORD0095764,9.9955,0.0037
ORD0095765,18.2341,0.0047
ORD0095766,16.5044,0.008
ORD0095767,15.4039,0.0261
ORD0095768,17.5128,0.0398
ORD0095769,21.357,0.0583
ORD0095770,13.8691,0.0017
ORD0095771,10.2019,0.0023
ORD0095772,18.4311,0.2902
ORD0095773,14.4057,0.0019
ORD0095774,16.4505,0.0034
ORD0095775,62.1623,0.0009
ORD0095776,24.8299,0.0009
ORD0095777,13.7034,0.3434
ORD0095778,7.9501,0.0484
ORD0095779,7.9768,0.0748
ORD0095780,11.1066,0.5382
ORD0095781,20.9928,0.8027
ORD0095782,16.9542,0.2051
ORD0095783,10.6807,0.1353
ORD0095784,12.2234,0.0938
ORD0095785,11.1301,0.3669
ORD0095786,10.7933,0.2183
ORD0095787,11.0207,0.5143
ORD0095788,18.213,0.4674
ORD0095789,14.305,0.6511
ORD0095790,11.2518,0.4899
ORD0095791,35.2471,0.1718
ORD0095792,16.5978,0.0066
ORD0095793,13.4827,0.0033
ORD0095794,16.1106,0.0435
ORD0095795,38.8799,0.0993
ORD0095796,27.6958,0.0154
ORD0095797,20.6718,0.4346
ORD0095798,20.2067,0.0322
ORD0095799,9.8875,0.0015
ORD0095800,10.2191,0.0018
ORD0095801,9.5186,0.0072
ORD0095802,10.679,0.0024
ORD0095803,12.5968,0.0031
ORD0095804,14.1664,0.0603
ORD0095805,12.834,0.017
ORD0095806,18.5179,0.1705
ORD0095807,21.0404,0.006
ORD0095808,23.3699,0.5345
ORD0095809,11.5254,0.0017
ORD0095810,12.6795,0.0058
ORD0095811,11.2958,0.064
ORD0095812,11.3789,0.0034
ORD0095813,14.9995,0.0042
ORD0095814,11.0427,0.0007
ORD0095815,19.7455,0.7776
ORD0095816,16.4508,0.8483
ORD0095817,15.7947,0.9895
ORD0095818,12.5706,0.5611
ORD0095819,17.0405,0.0058
ORD0095820,19.0433,0.5211
ORD0095821,97.5784,0.0272
ORD0095822,48.8276,0.002
ORD0095823,12.5258,0.3
ORD0095824,9.9196,0.0043
ORD0095825,15.7323,0.8661
ORD0095826,12.0338,0.0102
ORD0095827,20.4024,0.0018
ORD0095828,13.3082,0.0008
ORD0095829,10.4144,0.0201
ORD0095830,9.2901,0.0533
ORD0095831,12.4981,0.0637
ORD0095832,12.5722,0.2141
ORD0095833,16.3833,0.2362
ORD0095834,17.7682,0.6431
ORD0095835,15.0495,0.6188
ORD0095836,12.7121,0.9727
ORD0095837,17.6258,0.0094
ORD0095838,20.0938,0.0034
ORD0095839,12.5619,0.8662
ORD0095840,15.8951,0.0042
ORD0095841,15.4733,0.002
ORD0095842,22.1434,0.1241
ORD0095843,18.5707,0.1254
ORD0095844,11.7943,0.0074
ORD0095845,11.2464,0.0086
ORD0095846,27.2671,0.5358
ORD0095847,20.5254,0.4505
ORD0095848,15.0408,0.0555
ORD0095849,18.3344,0.0287
ORD0095850,14.0962,0.8479
ORD0095851,12.6194,0.7228
ORD0095852,18.1914,0.9634
ORD0095853,18.419,0.9192
ORD0095854,9.9493,0.1058
ORD0095855,9.5837,0.0843
ORD0095856,14.0147,0.1032
ORD0095857,14.8824,0.1075
ORD0095858,14.4589,0.1689
ORD0095859,12.6168,0.1437
ORD0095860,22.0142,0.0154
ORD0095861,21.7529,0.0277
ORD0095862,16.1052,0.4059
ORD0095863,14.4639,0.0386
ORD0095864,16.6661,0.0989
ORD0095865,15.7826,0.0637
ORD0095866,21.3342,0.079
ORD0095867,18.188,0.0205
ORD0095868,12.4647,0.131
ORD0095869,12.2321,0.0406
ORD0095870,14.2239,0.0605
ORD0095871,11.2853,0.0252
ORD0095872,13.0381,0.237
ORD0095873,9.8855,0.0652
ORD0095874,25.5386,0.0041
ORD0095875,10.8347,0.1383
ORD0095876,11.9776,0.1365
ORD0095877,17.2415,0.072
ORD0095878,15.5028,0.0964
ORD0095879,10.8111,0.0161
ORD0095880,13.8641,0.0634
ORD0095881,9.7019,0.363
ORD0095882,12.8798,0.3389
ORD0095883,13.8405,0.7414
ORD0095884,12.3663,0.7399
ORD0095885,7.7598,0.0312
ORD0095886,7.6269,0.0477
ORD0095887,10.1292,0.0605
ORD0095888,9.2378,0.1298
ORD0095889,9.1375,0.1658
ORD0095890,9.6392,0.003
ORD0095891,10.744,0.0008
ORD0095892,9.5273,0.0071
ORD0095893,9.0692,0.0043
ORD0095894,8.1275,0.0017
ORD0095895,9.111,0.0014
ORD0095896,8.911,0.021
ORD0095897,9.7124,0.0137
ORD0095898,9.2633,0.0842
ORD0095899,10.4912,0.0564
ORD0095900,10.0413,0.2503
ORD0095901,8.5123,0.002
ORD0095902,8.5185,0.0026
ORD0095903,16.5296,0.0034
ORD0095904,14.3533,0.009
ORD0095905,22.0458,0.0021
ORD0095906,25.3852,0.0047
ORD0095907,9.6658,0.004
ORD0095908,10.3582,0.0355
ORD0095909,11.8963,0.0098
ORD0095910,18.9292,0.037
ORD0095911,16.1422,0.0733
ORD0095912,17.8477,0.0053
ORD0095913,17.7094,0.2579
ORD0095914,16.4567,0.0077
ORD0095915,11.8279,0.0018
ORD0095916,10.9276,0.0016
ORD0095917,15.9884,0.6885
ORD0095918,17.3714,0.0429
ORD0095919,15.4542,0.0084
ORD0095920,16.0721,0.2845
ORD0095921,14.8491,0.4647
ORD0095922,8.5037,0.1045
ORD0095923,7.9207,0.1259
ORD0095924,11.2211,0.5348
ORD0095925,9.3175,0.6186
ORD0095926,21.0007,0.7455
ORD0095927,19.2796,0.8165
ORD0095928,15.1024,0.1474
ORD0095929,9.5704,0.2378
ORD0095930,18.1301,0.2952
ORD0095931,10.8959,0.4132
ORD0095932,18.7751,0.3879
ORD0095933,14.7489,0.5173
ORD0095934,13.8542,0.5796
ORD0095935,12.9195,0.7251
ORD0095936,12.1225,0.0012
ORD0095937,13.0249,0.054
ORD0095938,16.0233,0.0039
ORD0095939,32.7313,0.0213
ORD0095940,15.4213,0.0451
ORD0095941,10.2296,0.0085
ORD0095942,9.8986,0.0024
ORD0095943,10.4814,0.1575
ORD0095944,12.5521,0.1544
ORD0095945,10.644,0.0015
ORD0095946,12.9904,0.0038
ORD0095947,11.9846,0.0136
ORD0095948,15.6741,0.0482
ORD0095949,13.8207,0.0019
ORD0095950,24.5986,0.1764
ORD0095951,26.5151,0.5563
ORD0095952,17.8186,0.0688
ORD0095953,12.3468,0.0018
ORD0095954,9.9819,0.0034
ORD0095955,13.3706,0.004
ORD0095956,21.0643,0.8736
ORD0095957,12.3289,0.0663
ORD0095958,11.8139,0.0142
ORD0095959,13.3376,0.2299
ORD0095960,18.2231,0.0158
ORD0095961,15.7869,0.0011
ORD0095962,13.1955,0.0362
ORD0095963,20.862,0.9743
ORD0095964,10.8101,0.0026
ORD0095965,11.0543,0.0017
ORD0095966,13.8176,0.0111
ORD0095967,21.7018,0.0024
ORD0095968,10.276,0.0297
ORD0095969,9.625,0.0025
ORD0095970,13.4787,0.1381
ORD0095971,18.3421,0.4409
ORD0095972,17.7195,0.8574
ORD0095973,18.9204,0.0102
ORD0095974,23.0328,0.0177
ORD0095975,24.1875,0.0008
ORD0095976,12.1906,0.0158
ORD0095977,12.9377,0.0206
ORD0095978,14.9593,0.0054
ORD0095979,60.9153,0.0042
ORD0095980,59.9675,0.0107
ORD0095981,20.1122,0.0007
ORD0095982,20.4531,0.1206
ORD0095983,21.1036,0.0076
ORD0095984,12.762,0.0086
ORD0095985,12.0065,0.0046
ORD0095986,23.5714,0.3299
ORD0095987,20.2003,0.0352
ORD0095988,17.224,0.0289
ORD0095989,13.0612,0.771
ORD0095990,17.8008,0.8872
ORD0095991,9.7246,0.1046
ORD0095992,49.4758,0.001
ORD0095993,11.3713,0.2037
ORD0095994,12.6492,0.1937
ORD0095995,16.8979,0.4793
ORD0095996,14.6584,0.3232
ORD0095997,28.1511,0.0461
ORD0095998,27.3704,0.0493
ORD0095999,16.2904,0.6222
ORD0096000,18.3686,0.5927
ORD0096001,17.9496,0.0964
ORD0096002,20.1084,0.0719
ORD0096003,19.454,0.1927
ORD0096004,14.982,0.1055
ORD0096005,23.34,0.0381
ORD0096006,15.6199,0.0642
ORD0096007,11.9844,0.0416
ORD0096008,10.9526,0.1084
ORD0096009,10.231,0.0633
ORD0096010,16.7485,0.035
ORD0096011,13.7763,0.8814
ORD0096012,11.1126,0.0182
ORD0096013,9.1926,0.1549
ORD0096014,7.362,0.0344
ORD0096015,10.3365,0.3153
ORD0096016,8.606,0.1073
ORD0096017,6.946,0.0289
ORD0096018,7.5332,0.0684
ORD0096019,10.7174,0.0591
ORD0096020,9.1622,0.1445
ORD0096021,9.1637,0.1338
ORD0096022,9.5834,0.0044
ORD0096023,8.8303,0.0008
ORD0096024,10.8319,0.001
ORD0096025,9.1381,0.014
ORD0096026,8.4107,0.0018
ORD0096027,9.2857,0.0408
ORD0096028,9.4217,0.0019
ORD0096029,10.6609,0.1598
ORD0096030,8.7719,0.0021
ORD0096031,11.2046,0.3473
ORD0096032,8.4667,0.0019
ORD0096033,8.7411,0.0025
ORD0096034,8.6834,0.0004
ORD0096035,13.6712,0.0031
ORD0096036,13.2607,0.1874
ORD0096037,16.3208,0.0015
ORD0096038,28.3579,0.1055
ORD0096039,10.8893,0.0045
ORD0096040,10.7192,0.0092
ORD0096041,13.3066,0.7186
ORD0096042,18.6013,0.0139
ORD0096043,14.6131,0.0441
ORD0096044,15.5906,0.037
ORD0096045,20.3466,0.1154
ORD0096046,10.3825,0.0015
ORD0096047,11.6166,0.0034
ORD0096048,18.3921,0.5714
ORD0096049,19.9104,0.2401
ORD0096050,14.5535,0.0066
ORD0096051,15.1117,0.0217
ORD0096052,18.3951,0.4588
ORD0096053,15.1877,0.1788
ORD0096054,8.8108,0.1266
ORD0096055,8.7403,0.0875
ORD0096056,9.7924,0.6444
ORD0096057,11.6276,0.3842
ORD0096058,21.4911,0.8529
ORD0096059,18.4419,0.6243
ORD0096060,10.8707,0.2233
ORD0096061,12.5039,0.1846
ORD0096062,10.9012,0.2476
ORD0096063,10.7214,0.3205
ORD0096064,11.1436,0.3844
ORD0096065,19.8898,0.1402
ORD0096066,19.7694,0.3393
ORD0096067,12.5761,0.2097
ORD0096068,11.5238,0.4833
ORD0096069,15.798,0.0031
ORD0096070,11.4707,0.0056
ORD0096071,16.4837,0.0185
ORD0096072,13.5995,0.0486
ORD0096073,31.5997,0.0489
ORD0096074,19.6639,0.1058
ORD0096075,17.6057,0.1078
ORD0096076,32.9658,0.0016
ORD0096077,9.7822,0.0013
ORD0096078,11.6571,0.1112
ORD0096079,9.8381,0.0041
ORD0096080,11.817,0.7544
ORD0096081,12.3317,0.0021
ORD0096082,13.774,0.7125
ORD0096083,13.6095,0.0007
ORD0096084,12.8386,0.0373
ORD0096085,14.569,0.0141
ORD0096086,12.2517,0.0054
ORD0096087,22.0416,0.031
ORD0096088,24.1494,0.23
ORD0096089,27.218,0.1203
ORD0096090,14.0842,0.0021
ORD0096091,11.1502,0.0015
ORD0096092,12.5673,0.0007
ORD0096093,12.2164,0.0218
ORD0096094,16.9563,0.0025
ORD0096095,16.0503,0.0022
ORD0096096,12.3412,0.0015
ORD0096097,17.0935,0.7417
ORD0096098,12.8535,0.0024
ORD0096099,17.4244,0.0047
ORD0096100,15.2234,0.0031
ORD0096101,14.5369,0.0072
ORD0096102,20.6548,0.9751
ORD0096103,64.5117,0.0221
ORD0096104,58.5335,0.0091
ORD0096105,57.2607,0.0108
ORD0096106,62.7032,0.0144
ORD0096107,29.8202,0.0009
ORD0096108,55.644,0.0009
ORD0096109,12.1671,0.0089
ORD0096110,10.3121,0.0144
ORD0096111,11.6288,0.0078
ORD0096112,11.827,0.0494
ORD0096113,22.4225,0.0023
ORD0096114,16.8853,0.0022
ORD0096115,10.5014,0.0174
ORD0096116,13.0643,0.0797
ORD0096117,20.8272,0.241
ORD0096118,19.9875,0.2126
ORD0096119,19.2059,0.749
ORD0096120,27.0473,0.0068
ORD0096121,13.7248,0.8797
ORD0096122,15.1625,0.6546
ORD0096123,12.3122,0.0027
ORD0096124,17.0527,0.0086
ORD0096125,26.2685,0.1576
ORD0096126,12.5079,0.009
ORD0096127,13.8489,0.0136
ORD0096128,22.7915,0.5559
ORD0096129,20.0538,0.2644
ORD0096130,18.9413,0.0577
ORD0096131,16.4941,0.0638
ORD0096132,16.0812,0.8621
ORD0096133,19.9038,0.9725
ORD0096134,15.2854,0.6817
ORD0096135,11.8862,0.0872
ORD0096136,10.8901,0.1379
ORD0096137,11.9939,0.1037
ORD0096138,14.1107,0.2034
ORD0096139,16.677,0.2404
ORD0096140,14.2434,0.2229
ORD0096141,26.9297,0.0183
ORD0096142,21.5668,0.0249
ORD0096143,15.1531,0.3892
ORD0096144,18.6141,0.5969
ORD0096145,21.6292,0.0415
ORD0096146,18.1593,0.0856
ORD0096147,15.9644,0.1086
ORD0096148,16.7329,0.1689
ORD0096149,20.6823,0.0365
ORD0096150,23.4155,0.0454
ORD0096151,11.5649,0.0691
ORD0096152,15.863,0.0479
ORD0096153,16.248,0.0265
ORD0096154,11.366,0.0281
ORD0096155,12.7191,0.1108
ORD0096156,10.832,0.0782
ORD0096157,10.3842,0.009
ORD0096158,15.9063,0.0805
ORD0096159,16.7018,0.0036
ORD0096160,16.597,0.0336
ORD0096161,12.3074,0.0286
ORD0096162,10.4181,0.0315
ORD0096163,9.1267,0.037
ORD0096164,10.6201,0.0672
ORD0096165,7.0013,0.0644
ORD0096166,7.8211,0.2879
ORD0096167,12.9221,0.1838
ORD0096168,13.4654,0.6742
ORD0096169,9.5856,0.3516
ORD0096170,10.4482,0.0074
ORD0096171,9.2713,0.0021
ORD0096172,11.3367,0.0018
ORD0096173,10.6807,0.0008
ORD0096174,9.3095,0.0296
ORD0096175,11.2936,0.0033
ORD0096176,8.3295,0.0019
ORD0096177,8.6644,0.0018
ORD0096178,9.7405,0.0777
ORD0096179,9.3524,0.0062
ORD0096180,9.9139,0.2
ORD0096181,8.829,0.0317
ORD0096182,11.1655,0.5028
ORD0096183,8.6591,0.0518
ORD0096184,8.4948,0.0036
ORD0096185,17.4808,0.0038
ORD0096186,16.827,0.0037
ORD0096187,21.1386,0.0024
ORD0096188,9.7329,0.0051
ORD0096189,14.7214,0.0184
ORD0096190,10.0679,0.0124
ORD0096191,28.0645,0.0022
ORD0096192,52.9723,0.0302
ORD0096193,60.2988,0.8354
ORD0096194,65.1516,0.0034
ORD0096195,50.4003,0.001
ORD0096196,73.513,0.0012
ORD0096197,19.3025,0.0073
ORD0096198,14.4234,0.0079
ORD0096199,16.9948,0.0252
ORD0096200,21.3842,0.038
ORD0096201,19.9698,0.1388
ORD0096202,12.2272,0.0015
ORD0096203,17.5126,0.4191
ORD0096204,18.4851,0.2781
ORD0096205,16.2744,0.0031
ORD0096206,20.048,0.2395
ORD0096207,9.3702,0.0532
ORD0096208,12.0453,0.3909
ORD0096209,9.8392,0.1765
ORD0096210,23.2328,0.5895
ORD0096211,17.3724,0.3965
ORD0096212,13.6389,0.1148
ORD0096213,11.5732,0.1093
ORD0096214,12.0368,0.3383
ORD0096215,10.9832,0.1121
ORD0096216,11.045,0.4452
ORD0096217,9.8963,0.2137
ORD0096218,24.6057,0.3732
ORD0096219,12.2743,0.4226
ORD0096220,10.1351,0.2469
ORD0096221,15.5958,0.0039
ORD0096222,15.3652,0.0216
ORD0096223,16.0707,0.001
ORD0096224,35.6918,0.0678
ORD0096225,37.0834,0.0046
ORD0096226,22.1531,0.2138
ORD0096227,20.5426,0.0175
ORD0096228,10.3259,0.009
ORD0096229,9.9616,0.0017
ORD0096230,10.7698,0.149
ORD0096231,9.3969,0.0047
ORD0096232,12.8353,0.0779
ORD0096233,11.3661,0.0029
ORD0096234,14.5402,0.0076
ORD0096235,12.8872,0.0254
ORD0096236,15.3163,0.0178
ORD0096237,16.4927,0.005
ORD0096238,18.9382,0.0484
ORD0096239,32.1323,0.2312
ORD0096240,23.665,0.2084
ORD0096241,15.3691,0.0028
ORD0096242,11.1363,0.0016
ORD0096243,12.1051,0.0041
ORD0096244,10.957,0.0156
ORD0096245,14.2129,0.003
ORD0096246,14.7794,0.0322
ORD0096247,16.9795,0.5827
ORD0096248,19.3252,0.0062
ORD0096249,15.9405,0.0032
ORD0096250,16.0844,0.1008
ORD0096251,93.375,0.1539
ORD0096252,72.2777,0.0223
ORD0096253,50.8907,0.0045
ORD0096254,14.7452,0.0138
ORD0096255,16.8632,0.0633
ORD0096256,10.89,0.0068
ORD0096257,24.2676,0.0039
ORD0096258,10.4845,0.0553
ORD0096259,9.3973,0.0255
ORD0096260,14.7372,0.3309
ORD0096261,13.4253,0.0874
ORD0096262,19.9919,0.317
ORD0096263,22.1983,0.3167
ORD0096264,22.7219,0.7851
ORD0096265,35.5399,0.0227
ORD0096266,34.7815,0.004
ORD0096267,13.9104,0.9182
ORD0096268,15.2054,0.0046
ORD0096269,14.6743,0.0019
ORD0096270,30.2503,0.1516
ORD0096271,16.1737,0.0085
ORD0096272,28.2784,0.4582
ORD0096273,18.3178,0.0456
ORD0096274,16.8675,0.0067
ORD0096275,16.0131,0.7779
ORD0096276,12.2098,0.0693
ORD0096277,19.2773,0.9681
ORD0096278,12.4618,0.1047
ORD0096279,13.3967,0.0422
ORD0096280,12.4791,0.0542
ORD0096281,15.5848,0.0757
ORD0096282,31.517,0.0065
ORD0096283,15.2011,0.194
ORD0096284,15.1942,0.0345
ORD0096285,17.7945,0.0153
ORD0096286,33.009,0.0487
ORD0096287,17.8013,0.0365
ORD0096288,56.0572,0.0599
ORD0096289,51.8523,0.0035
ORD0096290,25.4231,0.0727
ORD0096291,13.5916,0.1013
ORD0096292,16.3915,0.0045
ORD0096293,17.4427,0.0609
ORD0096294,13.6541,0.1713
ORD0096295,14.7113,0.0146
ORD0096296,46.2214,0.005
ORD0096297,27.6115,0.0026
ORD0096298,9.8716,0.0583
ORD0096299,15.4184,0.2817
ORD0096300,15.1984,0.0101
ORD0096301,17.7826,0.1132
ORD0096302,14.1553,0.0434
ORD0096303,14.1967,0.0719
ORD0096304,10.109,0.1752
ORD0096305,12.8913,0.2957
ORD0096306,25.7918,0.008
ORD0096307,46.0398,0.0054
ORD0096308,33.3767,0.0042
ORD0096309,8.6757,0.0845
ORD0096310,13.4202,0.131
ORD0096311,17.2541,0.1642
ORD0096312,9.552,0.2974
ORD0096313,9.6633,0.0028
ORD0096314,9.4464,0.0514
ORD0096315,10.9096,0.0011
ORD0096316,11.0828,0.0048
ORD0096317,9.5375,0.0045
ORD0096318,8.5109,0.0019
ORD0096319,9.7116,0.0132
ORD0096320,10.5718,0.1431
ORD0096321,9.2304,0.0569
ORD0096322,10.4259,0.1711
ORD0096323,10.8005,0.4837
ORD0096324,9.7787,0.0108
ORD0096325,9.1769,0.0214
ORD0096326,18.8031,0.0142
ORD0096327,17.3805,0.0035
ORD0096328,21.9486,0.0062
ORD0096329,23.9375,0.0021
ORD0096330,11.7382,0.0478
ORD0096331,10.9764,0.0058
ORD0096332,17.5928,0.1988
ORD0096333,19.9741,0.0081
ORD0096334,16.0391,0.0052
ORD0096335,24.4248,0.0297
ORD0096336,19.1625,0.138
ORD0096337,18.4217,0.013
ORD0096338,13.2355,0.0026
ORD0096339,16.0422,0.403
ORD0096340,15.0326,0.0043
ORD0096341,13.6388,0.0018
ORD0096342,18.8305,0.526
ORD0096343,15.0252,0.0152
ORD0096344,8.8081,0.1564
ORD0096345,13.5701,0.764
ORD0096346,22.1554,0.9579
ORD0096347,21.8154,0.0564
ORD0096348,15.3565,0.3019
ORD0096349,14.1061,0.216
ORD0096350,13.1257,0.3999
ORD0096351,10.6397,0.2667
ORD0096352,20.0092,0.3428
ORD0096353,16.5418,0.1847
ORD0096354,15.294,0.4376
ORD0096355,80.5384,0.1648
ORD0096356,17.2308,0.0533
ORD0096357,11.5419,0.06
ORD0096358,16.8626,0.2184
ORD0096359,15.8812,0.2157
ORD0096360,43.423,0.8265
ORD0096361,61.952,0.6459
ORD0096362,25.089,0.9478
ORD0096363,26.0211,0.8451
ORD0096364,10.552,0.0547
ORD0096365,12.4167,0.5915
ORD0096366,11.7448,0.0039
ORD0096367,14.6791,0.5048
ORD0096368,9.9719,0.0019
ORD0096369,14.3673,0.0063
ORD0096371,16.458,0.0115
ORD0096373,20.8154,0.0403
ORD0096374,16.9165,0.0114
ORD0096375,34.225,0.1864
ORD0096376,27.7095,0.0878
ORD0096377,14.1533,0.0027
ORD0096378,15.0982,0.004
ORD0096380,14.8953,0.003
ORD0096382,18.6364,0.0332
ORD0096383,13.5408,0.1342
ORD0096385,18.0473,0.0049
ORD0096386,16.2425,0.003
ORD0096387,16.0666,0.3489
ORD0096389,11.3693,0.0021
ORD0096390,11.258,0.0058
ORD0096391,9.9867,0.0055
ORD0096392,19.4468,0.0016
ORD0096393,21.093,0.0025
ORD0096394,10.8153,0.0066
ORD0096395,13.1105,0.1334
ORD0096396,15.1309,0.0292
ORD0096397,14.3057,0.0206
ORD0096398,16.556,0.0189
ORD0096399,15.757,0.0813
ORD0096400,21.65,0.4797
ORD0096401,32.1352,0.0041
ORD0096402,43.5368,0.0292
ORD0096403,14.4112,0.2438
ORD0096404,13.3956,0.1002
ORD0096405,13.1556,0.0016
ORD0096406,15.1012,0.0054
ORD0096407,67.8497,0.0005
ORD0096408,20.4589,0.0392
ORD0096409,23.2185,0.1241
ORD0096410,13.144,0.0019
ORD0096411,14.7831,0.0142
ORD0096412,27.7165,0.1206
ORD0096413,17.2705,0.0055
ORD0096414,14.5392,0.4361
ORD0096415,11.7484,0.2842
ORD0096416,15.5901,0.7244
ORD0096417,17.8238,0.7019
ORD0096418,10.0837,0.0291
ORD0096419,11.2004,0.0709
ORD0096420,12.6968,0.2661
ORD0096421,17.3795,0.5347
ORD0096422,30.7536,0.0483
ORD0096423,25.9327,0.0663
ORD0096424,18.169,0.7951
ORD0096425,20.0184,0.1124
ORD0096426,17.9221,0.2391
ORD0096427,19.0555,0.1448
ORD0096428,22.6885,0.0732
ORD0096429,26.2333,0.8283
ORD0096430,17.0811,0.1146
ORD0096431,18.5633,0.8855
ORD0096432,17.0384,0.0557
ORD0096433,14.7592,0.5149
ORD0096434,14.0386,0.1905
ORD0096435,11.4285,0.1438
ORD0096436,10.5575,0.0181
ORD0096437,18.9593,0.0921
ORD0096438,19.5704,0.0426
ORD0096439,14.2794,0.0576
ORD0096440,9.891,0.0036
ORD0096441,10.0209,0.0521
ORD0096442,10.2967,0.2961
ORD0096443,10.3362,0.1169
ORD0096444,32.7414,0.0097
ORD0096445,7.364,0.0281
ORD0096446,12.0515,0.0651
ORD0096447,18.2801,0.4476
ORD0096448,9.3606,0.1683
ORD0096449,12.5162,0.8691
ORD0096450,12.9315,0.0012
ORD0096451,9.5375,0.0061
ORD0096452,11.1618,0.0017
ORD0096453,10.8668,0.0013
ORD0096454,10.4714,0.0013
ORD0096455,11.1337,0.0199
ORD0096456,9.5942,0.0007
ORD0096457,8.2377,0.0019
ORD0096458,9.588,0.0021
ORD0096459,10.1362,0.0031
ORD0096460,10.0396,0.0968
ORD0096461,9.3766,0.0078
ORD0096462,8.3295,0.0028
ORD0096463,9.3519,0.0036
ORD0096464,16.7084,0.0037
ORD0096465,21.0162,0.0035
ORD0096466,10.4422,0.0069
ORD0096467,15.7302,0.3486
ORD0096468,17.2092,0.0573
ORD0096469,13.821,0.8288
ORD0096470,19.3166,0.0161
ORD0096471,18.1623,0.0613
ORD0096472,16.8453,0.035
ORD0096473,20.5133,0.1103
ORD0096474,18.541,0.1265
ORD0096475,20.7864,0.4253
ORD0096476,14.4833,0.0016
ORD0096477,11.8833,0.0024
ORD0096478,19.5152,0.6592
ORD0096479,20.7274,0.8788
ORD0096480,15.0545,0.0053
ORD0096481,15.5964,0.0072
ORD0096482,30.0199,0.0011
ORD0096483,16.2706,0.2773
ORD0096484,15.7435,0.4415
ORD0096485,9.416,0.1132
ORD0096486,8.5314,0.0759
ORD0096487,13.5996,0.5673
ORD0096488,12.9795,0.6727
ORD0096489,25.3924,0.8066
ORD0096490,13.5901,0.227
ORD0096491,11.7928,0.2578
ORD0096492,26.9867,0.0206
ORD0096493,14.476,0.2064
ORD0096494,12.5914,0.705
ORD0096495,12.6751,0.3741
ORD0096496,26.5217,0.3487
ORD0096497,19.7537,0.5062
ORD0096498,14.9922,0.4314
ORD0096499,14.9646,0.0062
ORD0096500,20.2959,0.0288
ORD0096501,16.2488,0.0064
ORD0096502,48.3131,0.1506
ORD0096503,35.8167,0.0106
ORD0096504,20.9557,0.3887
ORD0096505,10.0349,0.003
ORD0096506,10.0464,0.0429
ORD0096507,12.354,0.0218
ORD0096508,14.7983,0.0073
ORD0096509,13.1862,0.0134
ORD0096510,20.8199,0.0317
ORD0096511,17.0877,0.006
ORD0096512,35.8339,0.1728
ORD0096513,21.4094,0.1866
ORD0096514,14.1169,0.002
ORD0096515,11.2656,0.0028
ORD0096516,11.0694,0.0034
ORD0096517,13.974,0.0026
ORD0096518,12.1611,0.0204
ORD0096519,14.8223,0.0405
ORD0096520,18.3141,0.831
ORD0096521,12.7207,0.0838
ORD0096522,15.5101,0.9937
ORD0096523,17.9942,0.004
ORD0096524,15.2018,0.3046
ORD0096525,23.1263,0.5683
ORD0096526,13.9992,0.0049
ORD0096527,12.9612,0.0057
ORD0096528,14.1429,0.0134
ORD0096529,21.509,0.0023
ORD0096530,16.5855,0.0017
ORD0096531,8.7649,0.011
ORD0096532,13.1244,0.0446
ORD0096533,12.9895,0.0084
ORD0096534,17.0448,0.0556
ORD0096535,18.7099,0.0392
ORD0096536,17.3631,0.2072
ORD0096537,15.8333,0.1282
ORD0096538,27.5363,0.0116
ORD0096539,12.9889,0.4688
ORD0096540,13.0752,0.3062
ORD0096541,14.1039,0.0027
ORD0096542,28.3017,0.0751
ORD0096543,19.0194,0.0376
ORD0096544,13.3893,0.0043
ORD0096545,32.2056,0.2012
ORD0096546,18.2681,0.2937
ORD0096547,16.282,0.0083
ORD0096548,20.6083,0.0238
ORD0096549,16.2556,0.5609
ORD0096550,13.4461,0.6411
ORD0096551,17.302,0.8141
ORD0096552,17.4146,0.9286
ORD0096553,10.0163,0.0958
ORD0096554,20.4733,0.0013
ORD0096555,24.4094,0.0054
ORD0096556,14.7143,0.1099
ORD0096557,12.879,0.0463
ORD0096558,14.6558,0.1183
ORD0096559,12.5567,0.0653
ORD0096560,24.2779,0.0112
ORD0096561,14.4834,0.2289
ORD0096562,14.9062,0.1519
ORD0096563,22.7651,0.0323
ORD0096564,19.054,0.0592
ORD0096565,16.5037,0.0778
ORD0096566,17.6846,0.1875
ORD0096567,20.714,0.0671
ORD0096568,13.814,0.3616
ORD0096569,13.3928,0.1121
ORD0096570,12.359,0.0473
ORD0096571,14.9767,0.6746
ORD0096572,11.7808,0.0851
ORD0096573,11.6149,0.1094
ORD0096574,17.0696,0.0752
ORD0096575,12.7393,0.2931
ORD0096576,12.5239,0.3555
ORD0096577,7.8729,0.0031
ORD0096578,13.8837,0.7737
ORD0096579,10.4332,0.0083
ORD0096580,7.7891,0.0666
ORD0096581,8.2375,0.1604
ORD0096582,13.6293,0.1298
ORD0096583,10.5763,0.3407
ORD0096584,9.5916,0.3339
ORD0096585,11.6637,0.6238
ORD0096586,10.743,0.0173
ORD0096587,10.8092,0.0013
ORD0096588,10.279,0.0021
ORD0096589,9.8107,0.0863
ORD0096590,9.6349,0.0021
ORD0096591,8.8559,0.0027
ORD0096592,8.5328,0.0017
ORD0096593,10.3065,0.1738
ORD0096594,10.6101,0.3532
ORD0096595,11.5674,0.7663
ORD0096596,8.8391,0.0021
ORD0096597,8.6603,0.0051
ORD0096598,14.7096,0.0029
ORD0096599,21.9937,0.0017
ORD0096600,22.1836,0.0349
ORD0096601,9.8983,0.0039
ORD0096602,11.8953,0.0982
ORD0096603,12.9235,0.0108
ORD0096604,11.4427,0.3451
ORD0096605,18.4915,0.0104
ORD0096606,19.1885,0.0082
ORD0096607,17.8274,0.0183
ORD0096608,18.6291,0.0464
ORD0096609,15.9332,0.0614
ORD0096610,15.2925,0.0015
ORD0096611,10.4935,0.0022
ORD0096612,16.7104,0.3612
ORD0096613,15.4608,0.0039
ORD0096614,14.8849,0.0077
ORD0096615,61.3334,0.001
ORD0096616,24.5782,0.0006
ORD0096617,19.5517,0.1778
ORD0096618,8.5253,0.0697
ORD0096619,7.837,0.1037
ORD0096620,11.7402,0.2736
ORD0096621,19.7199,0.6278
ORD0096622,13.4916,0.1179
ORD0096623,11.1037,0.1467
ORD0096624,14.627,0.1436
ORD0096625,11.264,0.5467
ORD0096626,10.9308,0.2734
ORD0096627,11.7414,0.1163
ORD0096628,19.8908,0.2215
ORD0096629,13.6336,0.3761
ORD0096630,14.65,0.7826
ORD0096631,43.1494,0.1781
ORD0096632,16.8072,0.0024
ORD0096633,12.0574,0.0062
ORD0096634,16.0354,0.0131
ORD0096635,35.2064,0.0207
ORD0096636,37.2634,0.0239
ORD0096637,19.5349,0.0707
ORD0096638,20.4016,0.048
ORD0096639,9.9352,0.0016
ORD0096640,9.4238,0.0011
ORD0096641,9.4726,0.0075
ORD0096642,10.3697,0.0013
ORD0096643,12.3335,0.0036
ORD0096644,13.2752,0.0078
ORD0096645,17.7507,0.0393
ORD0096646,18.5242,0.1336
ORD0096647,18.1482,0.0181
ORD0096648,29.0705,0.5064
ORD0096649,13.4471,0.0016
ORD0096650,12.8271,0.0053
ORD0096651,10.9388,0.0054
ORD0096652,12.3179,0.0824
ORD0096653,14.5984,0.0019
ORD0096654,11.96,0.0022
ORD0096655,20.5611,0.865
ORD0096656,17.7692,0.9083
ORD0096657,17.0129,0.9699
ORD0096658,15.8111,0.9942
ORD0096659,18.5433,0.0094
ORD0096660,16.6604,0.022
ORD0096661,71.841,0.0099
ORD0096662,69.6607,0.0075
ORD0096663,40.4429,0.0023
ORD0096664,10.9839,0.021
ORD0096665,10.7854,0.0031
ORD0096666,11.4204,0.2572
ORD0096667,10.8508,0.013
ORD0096668,18.8025,0.0012
ORD0096669,15.5421,0.0018
ORD0096670,8.9731,0.0108
ORD0096671,10.0427,0.0299
ORD0096672,13.057,0.0255
ORD0096673,11.5117,0.1127
ORD0096674,16.0109,0.0909
ORD0096675,18.2514,0.3096
ORD0096676,15.186,0.5361
ORD0096677,17.9845,0.6302
ORD0096678,18.5029,0.0057
ORD0096679,28.3442,0.0096
ORD0096680,13.2764,0.6665
ORD0096681,15.5621,0.0026
ORD0096682,15.0452,0.0039
ORD0096683,24.2559,0.175
ORD0096684,21.0873,0.226
ORD0096685,17.282,0.0091
ORD0096686,11.6066,0.0141
ORD0096687,23.8435,0.4768
ORD0096688,22.5723,0.6791
ORD0096689,16.0801,0.0321
ORD0096690,17.1928,0.0366
ORD0096691,17.7562,0.8554
ORD0096692,13.693,0.8237
ORD0096693,16.6474,0.9597
ORD0096694,17.9947,0.9238
ORD0096695,10.7297,0.0857
ORD0096696,11.2133,0.1728
ORD0096697,54.9173,0.0016
ORD0096698,11.5298,0.1907
ORD0096699,12.7223,0.061
ORD0096700,16.3546,0.3724
ORD0096701,12.1447,0.0571
ORD0096702,25.2818,0.0298
ORD0096703,18.5175,0.0192
ORD0096704,15.4195,0.5733
ORD0096705,19.2926,0.0868
ORD0096706,16.2069,0.1715
ORD0096707,15.6231,0.0319
ORD0096708,20.2367,0.0976
ORD0096709,18.5971,0.067
ORD0096710,11.4221,0.1623
ORD0096711,15.672,0.0961
ORD0096712,17.9346,0.0756
ORD0096713,12.6417,0.0587
ORD0096714,12.5461,0.2732
ORD0096715,12.9157,0.1681
ORD0096716,25.8997,0.0042
ORD0096717,11.5032,0.1334
ORD0096718,9.9652,0.0703
ORD0096719,15.2164,0.0695
ORD0096720,14.9922,0.0351
ORD0096721,11.1958,0.0329
ORD0096722,11.2078,0.0146
ORD0096723,7.997,0.0146
ORD0096724,9.0168,0.1798
ORD0096725,11.7986,0.2408
ORD0096726,10.3445,0.0336
ORD0096727,10.0045,0.0389
ORD0096728,9.1843,0.3041
ORD0096729,11.7075,0.0737
ORD0096730,8.9887,0.2393
ORD0096731,11.2491,0.622
ORD0096732,9.9637,0.003
ORD0096733,10.6257,0.0009
ORD0096734,9.39,0.0065
ORD0096735,9.647,0.0056
ORD0096736,7.962,0.0018
ORD0096737,9.2047,0.0018
ORD0096738,9.9432,0.0224
ORD0096739,9.0994,0.0125
ORD0096740,9.0719,0.0677
ORD0096741,11.5558,0.0833
ORD0096742,9.7171,0.1498
ORD0096743,9.0062,0.0022
ORD0096744,8.3295,0.0031
ORD0096745,12.4326,0.003
ORD0096746,12.4279,0.0202
ORD0096747,16.6371,0.002
ORD0096748,22.8954,0.0087
ORD0096749,9.6673,0.005
ORD0096750,10.0042,0.0823
ORD0096751,11.8596,0.0083
ORD0096752,18.8028,0.0093
ORD0096753,18.3384,0.0207
ORD0096754,16.1628,0.003
ORD0096755,18.6329,0.0512
ORD0096756,15.5002,0.0145
ORD0096757,13.8312,0.0016
ORD0096758,10.2616,0.0018
ORD0096759,16.985,0.2694
ORD0096760,19.4306,0.0344
ORD0096761,13.9011,0.0037
ORD0096762,14.5388,0.3927
ORD0096763,14.7698,0.2555
ORD0096764,9.1209,0.1172
ORD0096765,7.9837,0.0788
ORD0096766,12.4489,0.6559
ORD0096767,9.6177,0.5126
ORD0096768,18.9536,0.853
ORD0096769,19.0388,0.7637
ORD0096770,11.7739,0.2068
ORD0096771,10.9204,0.2399
ORD0096772,13.0917,0.6814
ORD0096773,14.0094,0.9399
ORD0096774,18.5893,0.3448
ORD0096775,16.234,0.3873
ORD0096776,15.7837,0.6332
ORD0096777,10.4065,0.5324
ORD0096778,13.8364,0.006
ORD0096779,15.3029,0.5203
ORD0096780,14.613,0.0264
ORD0096781,38.2031,0.0735
ORD0096782,18.3075,0.2147
ORD0096783,13.3607,0.0017
ORD0096784,14.0216,0.0244
ORD0096785,13.9157,0.0113
ORD0096786,16.2894,0.0049
ORD0096787,16.254,0.3542
ORD0096788,20.4053,0.0169
ORD0096789,17.9403,0.3482
ORD0096790,20.3956,0.0055
ORD0096791,21.4452,0.0056
ORD0096792,25.788,0.1054
ORD0096793,38.0902,0.3293
ORD0096794,28.466,0.0568
ORD0096795,14.9294,0.0021
ORD0096796,14.4971,0.0056
ORD0096797,19.3339,0.0025
ORD0096798,21.0233,0.0278
ORD0096799,22.3729,0.7908
ORD0096800,22.642,0.8373
ORD0096801,17.4234,0.4297
ORD0096802,23.6634,0.0026
ORD0096803,20.3388,0.0024
ORD0096804,19.1755,0.0524
ORD0096805,25.2018,0.754
ORD0096806,16.982,0.0088
ORD0096807,15.2221,0.0142
ORD0096808,16.5586,0.0253
ORD0096809,23.5847,0.0028
ORD0096810,17.4912,0.044
ORD0096811,14.6132,0.1002
ORD0096812,19.962,0.2143
ORD0096813,25.669,0.5869
ORD0096814,22.8942,0.2215
ORD0096815,27.6253,0.4505
ORD0096816,44.7556,0.0144
ORD0096817,33.9678,0.0027
ORD0096818,19.1057,0.8884
ORD0096819,20.9461,0.852
ORD0096820,22.3254,0.0022
ORD0096821,86.9556,0.0051
ORD0096822,63.1854,0.3827
ORD0096823,27.6545,0.0008
ORD0096824,40.153,0.25
ORD0096825,23.184,0.0228
ORD0096826,19.4485,0.0075
ORD0096827,16.9095,0.0116
ORD0096828,30.1734,0.669
ORD0096829,24.6304,0.0401
ORD0096830,20.7579,0.0256
ORD0096831,20.2766,0.9046
ORD0096832,23.7389,0.976
ORD0096833,13.3804,0.1377
ORD0096834,20.8313,0.1492
ORD0096835,16.2113,0.3433
ORD0096836,19.7836,0.3833
ORD0096837,19.7826,0.5346
ORD0096838,37.7826,0.0153
ORD0096839,26.0734,0.0643
ORD0096840,20.7232,0.6968
ORD0096841,25.943,0.766
ORD0096842,24.4601,0.0398
ORD0096843,23.0886,0.0731
ORD0096844,21.2678,0.1573
ORD0096845,20.2074,0.2043
ORD0096846,27.2838,0.1047
ORD0096847,22.7998,0.1557
ORD0096848,22.5867,0.056
ORD0096849,16.2844,0.3556
ORD0096850,18.3311,0.1065
ORD0096851,23.5982,0.0415
ORD0096852,20.0333,0.0172
ORD0096853,22.6053,0.3757
ORD0096854,14.7106,0.8408
ORD0096855,19.2654,0.731
ORD0096856,19.0714,0.2837
ORD0096857,15.5153,0.9398
ORD0096858,12.4534,0.0973
ORD0096859,13.2783,0.1034
ORD0096860,14.322,0.0995
ORD0096861,12.7631,0.2065
ORD0096862,13.0576,0.3785
ORD0096863,14.949,0.0043
ORD0096864,13.4979,0.0236
ORD0096865,14.3051,0.001
ORD0096866,14.5619,0.0054
ORD0096867,12.3037,0.0022
ORD0096868,13.0177,0.0103
ORD0096869,13.9588,0.1133
ORD0096870,12.9356,0.0557
ORD0096871,21.1609,0.4934
ORD0096872,13.8081,0.1582
ORD0096873,14.1244,0.6236
ORD0096874,12.3566,0.0009
ORD0096875,12.8394,0.0036
ORD0096876,17.5287,0.0045
ORD0096877,22.2517,0.1607
ORD0096878,21.9665,0.0036
ORD0096879,24.8325,0.0579
ORD0096880,14.1404,0.0099
ORD0096881,17.0725,0.033
ORD0096882,15.4949,0.6525
ORD0096883,40.7713,0.0015
ORD0096884,123.7989,0.0145
ORD0096885,23.9662,0.1792
ORD0096886,25.7426,0.6464
ORD0096887,38.5704,0.6673
ORD0096888,23.6355,0.8975
ORD0096889,18.9245,0.005
ORD0096890,16.513,0.0215
ORD0096891,29.3194,0.9812
ORD0096892,27.1329,0.9334
ORD0096893,21.5521,0.0327
ORD0096894,21.7077,0.2466
ORD0096895,22.9679,0.3531
ORD0096896,18.2255,0.2006
ORD0096897,13.0318,0.0912
ORD0096898,11.2825,0.1474
ORD0096899,14.0871,0.6488
ORD0096900,14.2445,0.5053
ORD0096901,34.931,0.853
ORD0096902,20.2091,0.7474
ORD0096903,20.4053,0.1715
ORD0096904,15.7912,0.2183
ORD0096905,15.42,0.2037
ORD0096906,16.2312,0.4342
ORD0096907,14.2884,0.3863
ORD0096908,21.9549,0.7187
ORD0096909,18.7896,0.2231
ORD0096910,22.4172,0.8991
ORD0096911,15.5539,0.3147
ORD0096912,122.546,0.3282
ORD0096913,19.6523,0.0067
ORD0096914,15.9875,0.0035
ORD0096915,19.9818,0.0471
ORD0096916,20.2233,0.0173
ORD0096917,50.9968,0.1484
ORD0096918,25.0015,0.5073
ORD0096919,27.162,0.0657
ORD0096920,29.5267,0.0024
ORD0096921,9.9678,0.0014
ORD0096922,13.7176,0.6415
ORD0096923,9.8659,0.0029
ORD0096924,13.5441,0.9517
ORD0096925,12.0656,0.0023
ORD0096926,13.0294,0.9616
ORD0096927,14.789,0.0119
ORD0096928,14.1476,0.003
ORD0096929,16.2073,0.0109
ORD0096930,16.988,0.0219
ORD0096931,20.5121,0.0287
ORD0096932,21.2254,0.2579
ORD0096933,36.2861,0.1485
ORD0096934,13.4151,0.0021
ORD0096935,12.002,0.0029
ORD0096936,13.2266,0.0059
ORD0096937,11.6648,0.1246
ORD0096938,13.9285,0.0027
ORD0096939,15.5602,0.008
ORD0096940,13.9115,0.0713
ORD0096941,19.6123,0.9083
ORD0096942,16.3657,0.2482
ORD0096943,15.3911,0.0057
ORD0096944,15.9223,0.0062
ORD0096945,20.7455,0.5995
ORD0096946,26.7056,0.9732
ORD0096947,54.6095,0.0098
ORD0096948,65.2477,0.9319
ORD0096949,64.8031,0.0068
ORD0096950,73.6754,0.2459
ORD0096951,26.9794,0.0027
ORD0096952,71.902,0.0011
ORD0096953,11.3774,0.0072
ORD0096954,10.5541,0.012
ORD0096955,17.1201,0.0321
ORD0096956,12.0171,0.087
ORD0096957,21.7708,0.0018
ORD0096958,21.7775,0.0029
ORD0096959,10.7409,0.0017
ORD0096960,14.7431,0.1163
ORD0096961,19.5684,0.0025
ORD0096962,19.6217,0.2748
ORD0096963,16.6461,0.0132
ORD0096964,38.7949,0.0012
ORD0096965,12.3009,0.2896
ORD0096966,13.3881,0.6627
ORD0096967,18.0867,0.0086
ORD0096968,16.3098,0.0074
ORD0096969,27.8301,0.0383
ORD0096970,15.5046,0.0086
ORD0096971,13.1295,0.0076
ORD0096972,40.4095,0.1905
ORD0096973,26.4636,0.1592
ORD0096974,21.8564,0.747
ORD0096975,20.2885,0.0373
ORD0096976,20.115,0.4018
ORD0096977,13.7308,0.7589
ORD0096978,18.2565,0.4639
ORD0096979,13.1429,0.0266
ORD0096980,10.5807,0.1065
ORD0096981,12.9826,0.2041
ORD0096982,13.1807,0.0404
ORD0096983,15.8893,0.3614
ORD0096984,14.0245,0.0605
ORD0096985,35.6176,0.0382
ORD0096986,24.774,0.0186
ORD0096987,19.0841,0.6866
ORD0096988,14.4541,0.1477
ORD0096989,25.1879,0.0781
ORD0096990,28.5291,0.011
ORD0096991,22.1405,0.1505
ORD0096992,17.1836,0.0339
ORD0096993,23.3507,0.0336
ORD0096994,30.5081,0.0646
ORD0096995,15.4027,0.0727
ORD0096996,17.9705,0.06
ORD0096997,18.8133,0.0373
ORD0096998,11.366,0.0197
ORD0096999,13.4436,0.1098
ORD0097000,10.8603,0.0881
ORD0097001,11.9802,0.0991
ORD0097002,11.91,0.1208
ORD0097003,18.2129,0.0473
ORD0097004,17.549,0.061
ORD0097005,13.4596,0.2478
ORD0097006,13.5344,0.0236
ORD0097007,11.6356,0.1672
ORD0097008,12.3428,0.4946
ORD0097009,9.2158,0.0276
ORD0097010,8.2381,0.2334
ORD0097011,10.771,0.0573
ORD0097012,14.118,0.4643
ORD0097013,9.2559,0.1388
ORD0097014,11.6141,0.0007
ORD0097015,8.8458,0.0076
ORD0097016,10.744,0.0008
ORD0097017,11.241,0.0019
ORD0097018,9.9459,0.0011
ORD0097019,10.5196,0.0456
ORD0097020,9.5105,0.0011
ORD0097021,8.5975,0.0037
ORD0097022,9.4641,0.0016
ORD0097023,10.601,0.1171
ORD0097024,9.3633,0.0021
ORD0097025,10.7882,0.3638
ORD0097026,9.3868,0.0054
ORD0097027,9.1803,0.0004
ORD0097028,8.4424,0.0012
ORD0097029,12.3519,0.0031
ORD0097030,19.4363,0.2106
ORD0097031,20.4649,0.0032
ORD0097032,11.1155,0.0053
ORD0097033,11.942,0.0145
ORD0097034,13.0413,0.7878
ORD0097035,26.9835,0.0012
ORD0097036,63.8402,0.0075
ORD0097037,34.5976,0.1444
ORD0097038,44.0198,0.0025
ORD0097039,52.9302,0.0009
ORD0097040,20.9274,0.0208
ORD0097041,14.7577,0.033
ORD0097042,17.2218,0.0534
ORD0097043,19.4361,0.2372
ORD0097044,21.3917,0.2376
ORD0097045,16.5386,0.002
ORD0097046,19.3854,0.7759
ORD0097047,19.519,0.8277
ORD0097048,15.0315,0.0084
ORD0097049,19.3781,0.296
ORD0097050,9.6842,0.1028
ORD0097051,11.9496,0.5416
ORD0097052,9.985,0.0326
ORD0097053,22.6314,0.7917
ORD0097054,20.2498,0.134
ORD0097055,15.2075,0.1594
ORD0097056,11.7343,0.016
ORD0097057,16.5598,0.2082
ORD0097058,12.6792,0.1426
ORD0097059,12.349,0.3623
ORD0097060,10.6897,0.4596
ORD0097061,22.4429,0.3952
ORD0097062,14.0639,0.4143
ORD0097063,10.9834,0.2704
ORD0097064,18.5301,0.0074
ORD0097065,17.8876,0.0331
ORD0097066,16.9342,0.001
ORD0097067,47.5543,0.1145
ORD0097068,36.9868,0.0024
ORD0097069,28.3227,0.2487
ORD0097070,20.1468,0.0028
ORD0097071,10.2982,0.0035
ORD0097072,10.8072,0.0036
ORD0097073,10.3106,0.038
ORD0097074,10.2185,0.0414
ORD0097075,12.6603,0.0241
ORD0097076,11.3814,0.0175
ORD0097077,15.3506,0.0006
ORD0097078,17.6796,0.6198
ORD0097079,18.5027,0.0036
ORD0097080,19.251,0.1216
ORD0097081,28.3656,0.0185
ORD0097082,28.6544,0.005
ORD0097083,29.9936,0.6892
ORD0097084,15.9637,0.0029
ORD0097085,13.4524,0.0027
ORD0097086,15.1436,0.0007
ORD0097087,12.8329,0.3052
ORD0097088,21.4141,0.0069
ORD0097089,19.7002,0.0701
ORD0097090,15.6421,0.2185
ORD0097091,26.0681,0.0084
ORD0097092,17.0018,0.0426
ORD0097093,23.5229,0.5872
ORD0097094,53.914,0.0033
ORD0097095,60.5976,0.0041
ORD0097096,13.8378,0.0202
ORD0097097,14.9461,0.0739
ORD0097098,12.2538,0.0007
ORD0097099,27.8134,0.0019
ORD0097100,14.0171,0.0008
ORD0097101,12.184,0.0481
ORD0097102,16.4937,0.3235
ORD0097103,13.8938,0.0946
ORD0097104,22.8203,0.7473
ORD0097105,22.3876,0.3968
ORD0097106,16.8832,0.0048
ORD0097107,27.6907,0.0007
ORD0097108,47.6239,0.0104
ORD0097109,15.6467,0.0052
ORD0097110,16.5262,0.0088
ORD0097111,14.7382,0.0023
ORD0097112,102.2586,0.0014
ORD0097113,31.6985,0.0969
ORD0097114,16.2567,0.0051
ORD0097115,23.4669,0.2527
ORD0097116,21.4349,0.0335
ORD0097117,19.9943,0.0032
ORD0097118,18.8101,0.6245
ORD0097119,10.8806,0.0557
ORD0097120,20.0908,0.9001
ORD0097121,10.8724,0.0487
ORD0097122,13.7672,0.0278
ORD0097123,14.5997,0.2529
ORD0097124,18.1821,0.5352
ORD0097125,31.8717,0.0704
ORD0097126,21.6185,0.8185
ORD0097127,15.056,0.2958
ORD0097128,32.8556,0.1041
ORD0097129,24.7275,0.2478
ORD0097130,22.5598,0.2412
ORD0097131,64.5758,0.2182
ORD0097132,55.0015,0.0038
ORD0097133,38.9568,0.3056
ORD0097134,17.0731,0.5662
ORD0097135,19.8084,0.3061
ORD0097136,18.7775,0.1912
ORD0097137,20.328,0.8327
ORD0097138,18.1289,0.5334
ORD0097139,50.6548,0.0048
ORD0097140,11.7553,0.1703
ORD0097141,13.1933,0.0734
ORD0097142,19.3427,0.087
ORD0097143,17.6418,0.0494
ORD0097144,19.2068,0.0668
ORD0097145,14.7118,0.0183
ORD0097146,16.0218,0.8919
ORD0097147,12.6804,0.3374
ORD0097148,25.3363,0.0088
ORD0097149,53.1857,0.0057
ORD0097150,10.344,0.0242
ORD0097151,11.6367,0.0542
ORD0097152,15.4783,0.1042
ORD0097153,9.0381,0.1175
ORD0097154,10.6335,0.0102
ORD0097155,9.8586,0.002
ORD0097156,11.1546,0.0015
ORD0097157,11.0261,0.0009
ORD0097158,11.7829,0.0548
ORD0097159,9.6431,0.0028
ORD0097160,10.6601,0.1566
ORD0097161,10.1294,0.0031
ORD0097162,13.2764,0.6434
ORD0097163,11.9915,0.8641
ORD0097164,9.0296,0.0058
ORD0097165,8.5119,0.0025
ORD0097166,8.3073,0.0017
ORD0097167,17.8154,0.0226
ORD0097168,19.309,0.005
ORD0097169,28.7264,0.0116
ORD0097170,29.9656,0.004
ORD0097171,15.2212,0.0992
ORD0097172,13.9163,0.0125
ORD0097173,20.0945,0.4138
ORD0097174,18.3096,0.0052
ORD0097175,15.2698,0.0042
ORD0097176,26.9235,0.0952
ORD0097177,20.9331,0.0628
ORD0097178,17.7745,0.0177
ORD0097179,14.2701,0.0016
ORD0097180,19.993,0.3621
ORD0097181,16.5268,0.0044
ORD0097182,15.1327,0.0029
ORD0097183,16.7168,0.2956
ORD0097184,17.995,0.0135
ORD0097185,10.0311,0.1104
ORD0097186,15.7568,0.5345
ORD0097187,23.2947,0.8022
ORD0097188,14.9729,0.0196
ORD0097189,16.157,0.2181
ORD0097190,15.4165,0.1443
ORD0097191,12.3271,0.3438
ORD0097192,11.4085,0.3676
ORD0097193,24.5642,0.4357
ORD0097194,20.2096,0.2292
ORD0097195,17.4729,0.6604
ORD0097196,15.8098,0.006
ORD0097197,15.9026,0.003
ORD0097198,17.6208,0.0229
ORD0097199,17.1967,0.0189
ORD0097200,47.2829,0.0599
ORD0097201,37.4804,0.055
ORD0097202,23.0075,0.2932
ORD0097203,22.4825,0.1119
ORD0097204,10.2831,0.0326
ORD0097205,12.1552,0.359
ORD0097206,12.9297,0.2781
ORD0097207,13.6304,0.3518
ORD0097208,10.9154,0.1396
ORD0097209,13.7655,0.0061
ORD0097210,14.0238,0.1484
ORD0097211,15.3163,0.0154
ORD0097212,12.5737,0.0032
ORD0097213,28.2786,0.0334
ORD0097214,21.9802,0.0234
ORD0097215,34.2119,0.1596
ORD0097216,30.4662,0.1096
ORD0097217,13.5263,0.0021
ORD0097218,9.8011,0.0032
ORD0097219,12.0743,0.0065
ORD0097220,14.1471,0.0027
ORD0097221,12.111,0.074
ORD0097222,13.4246,0.0243
ORD0097223,13.6683,0.1052
ORD0097224,12.3223,0.2271
ORD0097225,19.7922,0.0063
ORD0097226,14.8357,0.0023
ORD0097227,16.8293,0.2392
ORD0097228,23.9642,0.6198
ORD0097229,11.9901,0.0052
ORD0097230,15.8706,0.0059
ORD0097231,12.0376,0.0108
ORD0097232,20.5343,0.0016
ORD0097233,22.2847,0.0023
ORD0097234,10.8406,0.0252
ORD0097235,9.8912,0.0376
ORD0097236,16.168,0.0079
ORD0097237,12.432,0.0873
ORD0097238,20.1562,0.0647
ORD0097239,16.2808,0.0242
ORD0097240,19.3667,0.0034
ORD0097241,23.9334,0.0044
ORD0097242,42.4102,0.0017
ORD0097243,15.325,0.0824
ORD0097244,15.4869,0.0051
ORD0097245,15.7097,0.0026
ORD0097246,18.095,0.0054
ORD0097247,73.8173,0.0006
ORD0097248,77.6409,0.0034
ORD0097249,24.013,0.0926
ORD0097250,22.2039,0.03
ORD0097251,17.2969,0.0042
ORD0097252,14.58,0.0046
ORD0097253,25.8495,0.291
ORD0097254,15.7446,0.0199
ORD0097255,17.3997,0.7172
ORD0097256,11.246,0.1111
ORD0097257,18.221,0.9075
ORD0097258,17.5417,0.2179
ORD0097259,9.7246,0.0949
ORD0097260,13.2096,0.0235
ORD0097261,14.0854,0.2529
ORD0097262,18.6224,0.4239
ORD0097263,35.7314,0.035
ORD0097264,20.8248,0.1956
ORD0097265,19.9994,0.6721
ORD0097266,29.7717,0.079
ORD0097267,22.0257,0.1989
ORD0097268,20.8534,0.6172
ORD0097269,22.7177,0.0523
ORD0097270,22.7342,0.0508
ORD0097271,15.4572,0.0722
ORD0097272,17.119,0.0743
ORD0097273,13.7919,0.0377
ORD0097274,11.9162,0.0338
ORD0097275,12.6569,0.1376
ORD0097276,11.5309,0.084
ORD0097277,13.4299,0.0339
ORD0097278,16.1105,0.0546
ORD0097279,19.3888,0.0109
ORD0097280,13.2382,0.0255
ORD0097281,10.007,0.0052
ORD0097282,9.0968,0.0504
ORD0097283,12.0199,0.2112
ORD0097284,10.8094,0.1444
ORD0097285,48.9416,0.0159
ORD0097286,12.3969,0.0429
ORD0097287,14.5705,0.0654
ORD0097288,13.5179,0.0689
ORD0097289,8.8333,0.1373
ORD0097290,8.3833,0.1961
ORD0097291,9.9424,0.0028
ORD0097292,10.4754,0.0813
ORD0097293,10.6257,0.001
ORD0097294,10.9132,0.0025
ORD0097295,9.5397,0.0073
ORD0097296,12.3522,0.3419
ORD0097297,8.3073,0.0018
ORD0097298,8.7294,0.0077
ORD0097299,9.0609,0.0318
ORD0097300,11.19,0.1449
ORD0097301,11.3483,0.7347
ORD0097302,9.6729,0.1887
ORD0097303,8.7079,0.0024
ORD0097304,9.229,0.0347
ORD0097305,14.7553,0.0029
ORD0097306,18.3654,0.0025
ORD0097307,11.9381,0.0056
ORD0097308,11.878,0.0006
ORD0097309,13.3245,0.0176
ORD0097310,11.1473,0.0007
ORD0097311,19.0869,0.0075
ORD0097312,19.7477,0.0143
ORD0097313,18.024,0.0266
ORD0097314,21.8412,0.1166
ORD0097315,17.1334,0.1184
ORD0097316,17.0934,0.1783
ORD0097317,12.2165,0.0016
ORD0097318,11.0186,0.0019
ORD0097319,18.575,0.4959
ORD0097320,20.4103,0.6214
ORD0097321,14.6026,0.0036
ORD0097322,14.3209,0.0092
ORD0097323,28.4918,0.0007
ORD0097324,17.9077,0.3221
ORD0097325,17.1731,0.2571
ORD0097326,12.3219,0.1322
ORD0097327,7.9184,0.0867
ORD0097328,13.6154,0.6315
ORD0097329,11.7201,0.4518
ORD0097330,23.938,0.8655
ORD0097331,15.9006,0.2206
ORD0097332,12.9835,0.1464
ORD0097333,26.6307,0.0356
ORD0097334,12.4216,0.1391
ORD0097335,14.6743,0.3669
ORD0097336,11.3526,0.3614
ORD0097337,19.945,0.2263
ORD0097338,16.5126,0.1674
ORD0097339,16.4201,0.3836
ORD0097340,16.0127,0.0315
ORD0097341,16.7136,0.1213
ORD0097342,21.6344,0.0013
ORD0097343,48.6756,0.5896
ORD0097344,27.9831,0.0031
ORD0097345,25.0265,0.8505
